表章項目 コード,表章項目,時間軸 コード,時間軸,全国、都道府県、21大都市 コード,全国、都道府県、21大都市,腐朽・破損の有無 コード,腐朽・破損の有無,住宅の建て方 コード,住宅の建て方,建物の構造 コード,建物の構造,賃貸・売却用及び二次的住宅を除く空き家
03-2023,空き家数【戸】,2023000000.0,2023年,1000.0,北海道,0.0,総数,1.0,一戸建,1.0,木造,106300.0
03-2023,空き家数【戸】,2023000000.0,2023年,1000.0,北海道,0.0,総数,1.0,一戸建,2.0,非木造,3900.0
03-2023,空き家数【戸】,2023000000.0,2023年,1000.0,北海道,0.0,総数,2.0,長屋建,1.0,木造,7800.0
03-2023,空き家数【戸】,2023000000.0,2023年,1000.0,北海道,0.0,総数,2.0,長屋建,2.0,非木造,3000.0
03-2023,空き家数【戸】,2023000000.0,2023年,1000.0,北海道,0.0,総数,3.0,共同住宅,1.0,木造,12600.0
03-2023,空き家数【戸】,2023000000.0,2023年,1000.0,北海道,0.0,総数,3.0,共同住宅,2.0,非木造,28400.0
03-2023,空き家数【戸】,2023000000.0,2023年,1000.0,北海道,1.0,腐朽・破損あり,1.0,一戸建,1.0,木造,29500.0
03-2023,空き家数【戸】,2023000000.0,2023年,1000.0,北海道,1.0,腐朽・破損あり,1.0,一戸建,2.0,非木造,1100.0
03-2023,空き家数【戸】,2023000000.0,2023年,1000.0,北海道,1.0,腐朽・破損あり,2.0,長屋建,1.0,木造,3000.0
03-2023,空き家数【戸】,2023000000.0,2023年,1000.0,北海道,1.0,腐朽・破損あり,2.0,長屋建,2.0,非木造,400.0
03-2023,空き家数【戸】,2023000000.0,2023年,1000.0,北海道,1.0,腐朽・破損あり,3.0,共同住宅,1.0,木造,3100.0
03-2023,空き家数【戸】,2023000000.0,2023年,1000.0,北海道,1.0,腐朽・破損あり,3.0,共同住宅,2.0,非木造,3900.0
03-2023,空き家数【戸】,2023000000.0,2023年,1000.0,北海道,2.0,腐朽・破損なし,1.0,一戸建,1.0,木造,76700.0
03-2023,空き家数【戸】,2023000000.0,2023年,1000.0,北海道,2.0,腐朽・破損なし,1.0,一戸建,2.0,非木造,2800.0
03-2023,空き家数【戸】,2023000000.0,2023年,1000.0,北海道,2.0,腐朽・破損なし,2.0,長屋建,1.0,木造,4700.0
03-2023,空き家数【戸】,2023000000.0,2023年,1000.0,北海道,2.0,腐朽・破損なし,2.0,長屋建,2.0,非木造,2600.0
03-2023,空き家数【戸】,2023000000.0,2023年,1000.0,北海道,2.0,腐朽・破損なし,3.0,共同住宅,1.0,木造,9400.0
03-2023,空き家数【戸】,2023000000.0,2023年,1000.0,北海道,2.0,腐朽・破損なし,3.0,共同住宅,2.0,非木造,24500.0
03-2023,空き家数【戸】,2023000000.0,2023年,2000.0,青森県,0.0,総数,1.0,一戸建,1.0,木造,47100.0
03-2023,空き家数【戸】,2023000000.0,2023年,2000.0,青森県,0.0,総数,1.0,一戸建,2.0,非木造,900.0
03-2023,空き家数【戸】,2023000000.0,2023年,2000.0,青森県,0.0,総数,2.0,長屋建,1.0,木造,1300.0
03-2023,空き家数【戸】,2023000000.0,2023年,2000.0,青森県,0.0,総数,2.0,長屋建,2.0,非木造,200.0
03-2023,空き家数【戸】,2023000000.0,2023年,2000.0,青森県,0.0,総数,3.0,共同住宅,1.0,木造,2200.0
03-2023,空き家数【戸】,2023000000.0,2023年,2000.0,青森県,0.0,総数,3.0,共同住宅,2.0,非木造,3000.0
03-2023,空き家数【戸】,2023000000.0,2023年,2000.0,青森県,1.0,腐朽・破損あり,1.0,一戸建,1.0,木造,14900.0
03-2023,空き家数【戸】,2023000000.0,2023年,2000.0,青森県,1.0,腐朽・破損あり,1.0,一戸建,2.0,非木造,300.0
03-2023,空き家数【戸】,2023000000.0,2023年,2000.0,青森県,1.0,腐朽・破損あり,2.0,長屋建,1.0,木造,500.0
03-2023,空き家数【戸】,2023000000.0,2023年,2000.0,青森県,1.0,腐朽・破損あり,2.0,長屋建,2.0,非木造,100.0
03-2023,空き家数【戸】,2023000000.0,2023年,2000.0,青森県,1.0,腐朽・破損あり,3.0,共同住宅,1.0,木造,600.0
03-2023,空き家数【戸】,2023000000.0,2023年,2000.0,青森県,1.0,腐朽・破損あり,3.0,共同住宅,2.0,非木造,400.0
03-2023,空き家数【戸】,2023000000.0,2023年,2000.0,青森県,2.0,腐朽・破損なし,1.0,一戸建,1.0,木造,32200.0
03-2023,空き家数【戸】,2023000000.0,2023年,2000.0,青森県,2.0,腐朽・破損なし,1.0,一戸建,2.0,非木造,600.0
03-2023,空き家数【戸】,2023000000.0,2023年,2000.0,青森県,2.0,腐朽・破損なし,2.0,長屋建,1.0,木造,900.0
03-2023,空き家数【戸】,2023000000.0,2023年,2000.0,青森県,2.0,腐朽・破損なし,2.0,長屋建,2.0,非木造,100.0
03-2023,空き家数【戸】,2023000000.0,2023年,2000.0,青森県,2.0,腐朽・破損なし,3.0,共同住宅,1.0,木造,1600.0
03-2023,空き家数【戸】,2023000000.0,2023年,2000.0,青森県,2.0,腐朽・破損なし,3.0,共同住宅,2.0,非木造,2600.0
03-2023,空き家数【戸】,2023000000.0,2023年,3000.0,岩手県,0.0,総数,1.0,一戸建,1.0,木造,46200.0
03-2023,空き家数【戸】,2023000000.0,2023年,3000.0,岩手県,0.0,総数,1.0,一戸建,2.0,非木造,700.0
03-2023,空き家数【戸】,2023000000.0,2023年,3000.0,岩手県,0.0,総数,2.0,長屋建,1.0,木造,900.0
03-2023,空き家数【戸】,2023000000.0,2023年,3000.0,岩手県,0.0,総数,2.0,長屋建,2.0,非木造,200.0
03-2023,空き家数【戸】,2023000000.0,2023年,3000.0,岩手県,0.0,総数,3.0,共同住宅,1.0,木造,1800.0
03-2023,空き家数【戸】,2023000000.0,2023年,3000.0,岩手県,0.0,総数,3.0,共同住宅,2.0,非木造,4200.0
03-2023,空き家数【戸】,2023000000.0,2023年,3000.0,岩手県,1.0,腐朽・破損あり,1.0,一戸建,1.0,木造,12100.0
03-2023,空き家数【戸】,2023000000.0,2023年,3000.0,岩手県,1.0,腐朽・破損あり,1.0,一戸建,2.0,非木造,200.0
03-2023,空き家数【戸】,2023000000.0,2023年,3000.0,岩手県,1.0,腐朽・破損あり,2.0,長屋建,1.0,木造,500.0
03-2023,空き家数【戸】,2023000000.0,2023年,3000.0,岩手県,1.0,腐朽・破損あり,2.0,長屋建,2.0,非木造,100.0
03-2023,空き家数【戸】,2023000000.0,2023年,3000.0,岩手県,1.0,腐朽・破損あり,3.0,共同住宅,1.0,木造,500.0
03-2023,空き家数【戸】,2023000000.0,2023年,3000.0,岩手県,1.0,腐朽・破損あり,3.0,共同住宅,2.0,非木造,700.0
03-2023,空き家数【戸】,2023000000.0,2023年,3000.0,岩手県,2.0,腐朽・破損なし,1.0,一戸建,1.0,木造,34100.0
03-2023,空き家数【戸】,2023000000.0,2023年,3000.0,岩手県,2.0,腐朽・破損なし,1.0,一戸建,2.0,非木造,500.0
03-2023,空き家数【戸】,2023000000.0,2023年,3000.0,岩手県,2.0,腐朽・破損なし,2.0,長屋建,1.0,木造,500.0
03-2023,空き家数【戸】,2023000000.0,2023年,3000.0,岩手県,2.0,腐朽・破損なし,2.0,長屋建,2.0,非木造,100.0
03-2023,空き家数【戸】,2023000000.0,2023年,3000.0,岩手県,2.0,腐朽・破損なし,3.0,共同住宅,1.0,木造,1300.0
03-2023,空き家数【戸】,2023000000.0,2023年,3000.0,岩手県,2.0,腐朽・破損なし,3.0,共同住宅,2.0,非木造,3500.0
03-2023,空き家数【戸】,2023000000.0,2023年,4000.0,宮城県,0.0,総数,1.0,一戸建,1.0,木造,39000.0
03-2023,空き家数【戸】,2023000000.0,2023年,4000.0,宮城県,0.0,総数,1.0,一戸建,2.0,非木造,1000.0
03-2023,空き家数【戸】,2023000000.0,2023年,4000.0,宮城県,0.0,総数,2.0,長屋建,1.0,木造,1600.0
03-2023,空き家数【戸】,2023000000.0,2023年,4000.0,宮城県,0.0,総数,2.0,長屋建,2.0,非木造,200.0
03-2023,空き家数【戸】,2023000000.0,2023年,4000.0,宮城県,0.0,総数,3.0,共同住宅,1.0,木造,2700.0
03-2023,空き家数【戸】,2023000000.0,2023年,4000.0,宮城県,0.0,総数,3.0,共同住宅,2.0,非木造,7500.0
03-2023,空き家数【戸】,2023000000.0,2023年,4000.0,宮城県,1.0,腐朽・破損あり,1.0,一戸建,1.0,木造,10600.0
03-2023,空き家数【戸】,2023000000.0,2023年,4000.0,宮城県,1.0,腐朽・破損あり,1.0,一戸建,2.0,非木造,200.0
03-2023,空き家数【戸】,2023000000.0,2023年,4000.0,宮城県,1.0,腐朽・破損あり,2.0,長屋建,1.0,木造,400.0
03-2023,空き家数【戸】,2023000000.0,2023年,4000.0,宮城県,1.0,腐朽・破損あり,2.0,長屋建,2.0,非木造,0.0
03-2023,空き家数【戸】,2023000000.0,2023年,4000.0,宮城県,1.0,腐朽・破損あり,3.0,共同住宅,1.0,木造,500.0
03-2023,空き家数【戸】,2023000000.0,2023年,4000.0,宮城県,1.0,腐朽・破損あり,3.0,共同住宅,2.0,非木造,1400.0
03-2023,空き家数【戸】,2023000000.0,2023年,4000.0,宮城県,2.0,腐朽・破損なし,1.0,一戸建,1.0,木造,28400.0
03-2023,空き家数【戸】,2023000000.0,2023年,4000.0,宮城県,2.0,腐朽・破損なし,1.0,一戸建,2.0,非木造,700.0
03-2023,空き家数【戸】,2023000000.0,2023年,4000.0,宮城県,2.0,腐朽・破損なし,2.0,長屋建,1.0,木造,1200.0
03-2023,空き家数【戸】,2023000000.0,2023年,4000.0,宮城県,2.0,腐朽・破損なし,2.0,長屋建,2.0,非木造,200.0
03-2023,空き家数【戸】,2023000000.0,2023年,4000.0,宮城県,2.0,腐朽・破損なし,3.0,共同住宅,1.0,木造,2200.0
03-2023,空き家数【戸】,2023000000.0,2023年,4000.0,宮城県,2.0,腐朽・破損なし,3.0,共同住宅,2.0,非木造,6100.0
03-2023,空き家数【戸】,2023000000.0,2023年,5000.0,秋田県,0.0,総数,1.0,一戸建,1.0,木造,39900.0
03-2023,空き家数【戸】,2023000000.0,2023年,5000.0,秋田県,0.0,総数,1.0,一戸建,2.0,非木造,600.0
03-2023,空き家数【戸】,2023000000.0,2023年,5000.0,秋田県,0.0,総数,2.0,長屋建,1.0,木造,500.0
03-2023,空き家数【戸】,2023000000.0,2023年,5000.0,秋田県,0.0,総数,2.0,長屋建,2.0,非木造,600.0
03-2023,空き家数【戸】,2023000000.0,2023年,5000.0,秋田県,0.0,総数,3.0,共同住宅,1.0,木造,1000.0
03-2023,空き家数【戸】,2023000000.0,2023年,5000.0,秋田県,0.0,総数,3.0,共同住宅,2.0,非木造,1300.0
03-2023,空き家数【戸】,2023000000.0,2023年,5000.0,秋田県,1.0,腐朽・破損あり,1.0,一戸建,1.0,木造,11700.0
03-2023,空き家数【戸】,2023000000.0,2023年,5000.0,秋田県,1.0,腐朽・破損あり,1.0,一戸建,2.0,非木造,100.0
03-2023,空き家数【戸】,2023000000.0,2023年,5000.0,秋田県,1.0,腐朽・破損あり,2.0,長屋建,1.0,木造,300.0
03-2023,空き家数【戸】,2023000000.0,2023年,5000.0,秋田県,1.0,腐朽・破損あり,2.0,長屋建,2.0,非木造,200.0
03-2023,空き家数【戸】,2023000000.0,2023年,5000.0,秋田県,1.0,腐朽・破損あり,3.0,共同住宅,1.0,木造,100.0
03-2023,空き家数【戸】,2023000000.0,2023年,5000.0,秋田県,1.0,腐朽・破損あり,3.0,共同住宅,2.0,非木造,700.0
03-2023,空き家数【戸】,2023000000.0,2023年,5000.0,秋田県,2.0,腐朽・破損なし,1.0,一戸建,1.0,木造,28200.0
03-2023,空き家数【戸】,2023000000.0,2023年,5000.0,秋田県,2.0,腐朽・破損なし,1.0,一戸建,2.0,非木造,600.0
03-2023,空き家数【戸】,2023000000.0,2023年,5000.0,秋田県,2.0,腐朽・破損なし,2.0,長屋建,1.0,木造,100.0
03-2023,空き家数【戸】,2023000000.0,2023年,5000.0,秋田県,2.0,腐朽・破損なし,2.0,長屋建,2.0,非木造,400.0
03-2023,空き家数【戸】,2023000000.0,2023年,5000.0,秋田県,2.0,腐朽・破損なし,3.0,共同住宅,1.0,木造,900.0
03-2023,空き家数【戸】,2023000000.0,2023年,5000.0,秋田県,2.0,腐朽・破損なし,3.0,共同住宅,2.0,非木造,600.0
03-2023,空き家数【戸】,2023000000.0,2023年,6000.0,山形県,0.0,総数,1.0,一戸建,1.0,木造,31000.0
03-2023,空き家数【戸】,2023000000.0,2023年,6000.0,山形県,0.0,総数,1.0,一戸建,2.0,非木造,400.0
03-2023,空き家数【戸】,2023000000.0,2023年,6000.0,山形県,0.0,総数,2.0,長屋建,1.0,木造,400.0
03-2023,空き家数【戸】,2023000000.0,2023年,6000.0,山形県,0.0,総数,2.0,長屋建,2.0,非木造,100.0
03-2023,空き家数【戸】,2023000000.0,2023年,6000.0,山形県,0.0,総数,3.0,共同住宅,1.0,木造,1700.0
03-2023,空き家数【戸】,2023000000.0,2023年,6000.0,山形県,0.0,総数,3.0,共同住宅,2.0,非木造,2300.0
03-2023,空き家数【戸】,2023000000.0,2023年,6000.0,山形県,1.0,腐朽・破損あり,1.0,一戸建,1.0,木造,7700.0
03-2023,空き家数【戸】,2023000000.0,2023年,6000.0,山形県,1.0,腐朽・破損あり,1.0,一戸建,2.0,非木造,100.0
03-2023,空き家数【戸】,2023000000.0,2023年,6000.0,山形県,1.0,腐朽・破損あり,2.0,長屋建,1.0,木造,200.0
03-2023,空き家数【戸】,2023000000.0,2023年,6000.0,山形県,1.0,腐朽・破損あり,2.0,長屋建,2.0,非木造,0.0
03-2023,空き家数【戸】,2023000000.0,2023年,6000.0,山形県,1.0,腐朽・破損あり,3.0,共同住宅,1.0,木造,400.0
03-2023,空き家数【戸】,2023000000.0,2023年,6000.0,山形県,1.0,腐朽・破損あり,3.0,共同住宅,2.0,非木造,300.0
03-2023,空き家数【戸】,2023000000.0,2023年,6000.0,山形県,2.0,腐朽・破損なし,1.0,一戸建,1.0,木造,23300.0
03-2023,空き家数【戸】,2023000000.0,2023年,6000.0,山形県,2.0,腐朽・破損なし,1.0,一戸建,2.0,非木造,300.0
03-2023,空き家数【戸】,2023000000.0,2023年,6000.0,山形県,2.0,腐朽・破損なし,2.0,長屋建,1.0,木造,100.0
03-2023,空き家数【戸】,2023000000.0,2023年,6000.0,山形県,2.0,腐朽・破損なし,2.0,長屋建,2.0,非木造,0.0
03-2023,空き家数【戸】,2023000000.0,2023年,6000.0,山形県,2.0,腐朽・破損なし,3.0,共同住宅,1.0,木造,1200.0
03-2023,空き家数【戸】,2023000000.0,2023年,6000.0,山形県,2.0,腐朽・破損なし,3.0,共同住宅,2.0,非木造,2100.0
03-2023,空き家数【戸】,2023000000.0,2023年,7000.0,福島県,0.0,総数,1.0,一戸建,1.0,木造,51700.0
03-2023,空き家数【戸】,2023000000.0,2023年,7000.0,福島県,0.0,総数,1.0,一戸建,2.0,非木造,1100.0
03-2023,空き家数【戸】,2023000000.0,2023年,7000.0,福島県,0.0,総数,2.0,長屋建,1.0,木造,1000.0
03-2023,空き家数【戸】,2023000000.0,2023年,7000.0,福島県,0.0,総数,2.0,長屋建,2.0,非木造,200.0
03-2023,空き家数【戸】,2023000000.0,2023年,7000.0,福島県,0.0,総数,3.0,共同住宅,1.0,木造,2000.0
03-2023,空き家数【戸】,2023000000.0,2023年,7000.0,福島県,0.0,総数,3.0,共同住宅,2.0,非木造,6300.0
03-2023,空き家数【戸】,2023000000.0,2023年,7000.0,福島県,1.0,腐朽・破損あり,1.0,一戸建,1.0,木造,11300.0
03-2023,空き家数【戸】,2023000000.0,2023年,7000.0,福島県,1.0,腐朽・破損あり,1.0,一戸建,2.0,非木造,200.0
03-2023,空き家数【戸】,2023000000.0,2023年,7000.0,福島県,1.0,腐朽・破損あり,2.0,長屋建,1.0,木造,400.0
03-2023,空き家数【戸】,2023000000.0,2023年,7000.0,福島県,1.0,腐朽・破損あり,2.0,長屋建,2.0,非木造,0.0
03-2023,空き家数【戸】,2023000000.0,2023年,7000.0,福島県,1.0,腐朽・破損あり,3.0,共同住宅,1.0,木造,200.0
03-2023,空き家数【戸】,2023000000.0,2023年,7000.0,福島県,1.0,腐朽・破損あり,3.0,共同住宅,2.0,非木造,600.0
03-2023,空き家数【戸】,2023000000.0,2023年,7000.0,福島県,2.0,腐朽・破損なし,1.0,一戸建,1.0,木造,40400.0
03-2023,空き家数【戸】,2023000000.0,2023年,7000.0,福島県,2.0,腐朽・破損なし,1.0,一戸建,2.0,非木造,1000.0
03-2023,空き家数【戸】,2023000000.0,2023年,7000.0,福島県,2.0,腐朽・破損なし,2.0,長屋建,1.0,木造,600.0
03-2023,空き家数【戸】,2023000000.0,2023年,7000.0,福島県,2.0,腐朽・破損なし,2.0,長屋建,2.0,非木造,200.0
03-2023,空き家数【戸】,2023000000.0,2023年,7000.0,福島県,2.0,腐朽・破損なし,3.0,共同住宅,1.0,木造,1800.0
03-2023,空き家数【戸】,2023000000.0,2023年,7000.0,福島県,2.0,腐朽・破損なし,3.0,共同住宅,2.0,非木造,5600.0
03-2023,空き家数【戸】,2023000000.0,2023年,8000.0,茨城県,0.0,総数,1.0,一戸建,1.0,木造,77900.0
03-2023,空き家数【戸】,2023000000.0,2023年,8000.0,茨城県,0.0,総数,1.0,一戸建,2.0,非木造,2300.0
03-2023,空き家数【戸】,2023000000.0,2023年,8000.0,茨城県,0.0,総数,2.0,長屋建,1.0,木造,900.0
03-2023,空き家数【戸】,2023000000.0,2023年,8000.0,茨城県,0.0,総数,2.0,長屋建,2.0,非木造,200.0
03-2023,空き家数【戸】,2023000000.0,2023年,8000.0,茨城県,0.0,総数,3.0,共同住宅,1.0,木造,1900.0
03-2023,空き家数【戸】,2023000000.0,2023年,8000.0,茨城県,0.0,総数,3.0,共同住宅,2.0,非木造,9400.0
03-2023,空き家数【戸】,2023000000.0,2023年,8000.0,茨城県,1.0,腐朽・破損あり,1.0,一戸建,1.0,木造,18900.0
03-2023,空き家数【戸】,2023000000.0,2023年,8000.0,茨城県,1.0,腐朽・破損あり,1.0,一戸建,2.0,非木造,600.0
03-2023,空き家数【戸】,2023000000.0,2023年,8000.0,茨城県,1.0,腐朽・破損あり,2.0,長屋建,1.0,木造,400.0
03-2023,空き家数【戸】,2023000000.0,2023年,8000.0,茨城県,1.0,腐朽・破損あり,2.0,長屋建,2.0,非木造,100.0
03-2023,空き家数【戸】,2023000000.0,2023年,8000.0,茨城県,1.0,腐朽・破損あり,3.0,共同住宅,1.0,木造,100.0
03-2023,空き家数【戸】,2023000000.0,2023年,8000.0,茨城県,1.0,腐朽・破損あり,3.0,共同住宅,2.0,非木造,1900.0
03-2023,空き家数【戸】,2023000000.0,2023年,8000.0,茨城県,2.0,腐朽・破損なし,1.0,一戸建,1.0,木造,59000.0
03-2023,空き家数【戸】,2023000000.0,2023年,8000.0,茨城県,2.0,腐朽・破損なし,1.0,一戸建,2.0,非木造,1700.0
03-2023,空き家数【戸】,2023000000.0,2023年,8000.0,茨城県,2.0,腐朽・破損なし,2.0,長屋建,1.0,木造,500.0
03-2023,空き家数【戸】,2023000000.0,2023年,8000.0,茨城県,2.0,腐朽・破損なし,2.0,長屋建,2.0,非木造,100.0
03-2023,空き家数【戸】,2023000000.0,2023年,8000.0,茨城県,2.0,腐朽・破損なし,3.0,共同住宅,1.0,木造,1800.0
03-2023,空き家数【戸】,2023000000.0,2023年,8000.0,茨城県,2.0,腐朽・破損なし,3.0,共同住宅,2.0,非木造,7500.0
03-2023,空き家数【戸】,2023000000.0,2023年,9000.0,栃木県,0.0,総数,1.0,一戸建,1.0,木造,48700.0
03-2023,空き家数【戸】,2023000000.0,2023年,9000.0,栃木県,0.0,総数,1.0,一戸建,2.0,非木造,4300.0
03-2023,空き家数【戸】,2023000000.0,2023年,9000.0,栃木県,0.0,総数,2.0,長屋建,1.0,木造,600.0
03-2023,空き家数【戸】,2023000000.0,2023年,9000.0,栃木県,0.0,総数,2.0,長屋建,2.0,非木造,100.0
03-2023,空き家数【戸】,2023000000.0,2023年,9000.0,栃木県,0.0,総数,3.0,共同住宅,1.0,木造,1600.0
03-2023,空き家数【戸】,2023000000.0,2023年,9000.0,栃木県,0.0,総数,3.0,共同住宅,2.0,非木造,8700.0
03-2023,空き家数【戸】,2023000000.0,2023年,9000.0,栃木県,1.0,腐朽・破損あり,1.0,一戸建,1.0,木造,13000.0
03-2023,空き家数【戸】,2023000000.0,2023年,9000.0,栃木県,1.0,腐朽・破損あり,1.0,一戸建,2.0,非木造,600.0
03-2023,空き家数【戸】,2023000000.0,2023年,9000.0,栃木県,1.0,腐朽・破損あり,2.0,長屋建,1.0,木造,200.0
03-2023,空き家数【戸】,2023000000.0,2023年,9000.0,栃木県,1.0,腐朽・破損あり,2.0,長屋建,2.0,非木造,0.0
03-2023,空き家数【戸】,2023000000.0,2023年,9000.0,栃木県,1.0,腐朽・破損あり,3.0,共同住宅,1.0,木造,100.0
03-2023,空き家数【戸】,2023000000.0,2023年,9000.0,栃木県,1.0,腐朽・破損あり,3.0,共同住宅,2.0,非木造,700.0
03-2023,空き家数【戸】,2023000000.0,2023年,9000.0,栃木県,2.0,腐朽・破損なし,1.0,一戸建,1.0,木造,35600.0
03-2023,空き家数【戸】,2023000000.0,2023年,9000.0,栃木県,2.0,腐朽・破損なし,1.0,一戸建,2.0,非木造,3700.0
03-2023,空き家数【戸】,2023000000.0,2023年,9000.0,栃木県,2.0,腐朽・破損なし,2.0,長屋建,1.0,木造,500.0
03-2023,空き家数【戸】,2023000000.0,2023年,9000.0,栃木県,2.0,腐朽・破損なし,2.0,長屋建,2.0,非木造,100.0
03-2023,空き家数【戸】,2023000000.0,2023年,9000.0,栃木県,2.0,腐朽・破損なし,3.0,共同住宅,1.0,木造,1500.0
03-2023,空き家数【戸】,2023000000.0,2023年,9000.0,栃木県,2.0,腐朽・破損なし,3.0,共同住宅,2.0,非木造,8100.0
03-2023,空き家数【戸】,2023000000.0,2023年,10000.0,群馬県,0.0,総数,1.0,一戸建,1.0,木造,60000.0
03-2023,空き家数【戸】,2023000000.0,2023年,10000.0,群馬県,0.0,総数,1.0,一戸建,2.0,非木造,2000.0
03-2023,空き家数【戸】,2023000000.0,2023年,10000.0,群馬県,0.0,総数,2.0,長屋建,1.0,木造,1100.0
03-2023,空き家数【戸】,2023000000.0,2023年,10000.0,群馬県,0.0,総数,2.0,長屋建,2.0,非木造,600.0
03-2023,空き家数【戸】,2023000000.0,2023年,10000.0,群馬県,0.0,総数,3.0,共同住宅,1.0,木造,1900.0
03-2023,空き家数【戸】,2023000000.0,2023年,10000.0,群馬県,0.0,総数,3.0,共同住宅,2.0,非木造,7300.0
03-2023,空き家数【戸】,2023000000.0,2023年,10000.0,群馬県,1.0,腐朽・破損あり,1.0,一戸建,1.0,木造,15900.0
03-2023,空き家数【戸】,2023000000.0,2023年,10000.0,群馬県,1.0,腐朽・破損あり,1.0,一戸建,2.0,非木造,500.0
03-2023,空き家数【戸】,2023000000.0,2023年,10000.0,群馬県,1.0,腐朽・破損あり,2.0,長屋建,1.0,木造,600.0
03-2023,空き家数【戸】,2023000000.0,2023年,10000.0,群馬県,1.0,腐朽・破損あり,2.0,長屋建,2.0,非木造,300.0
03-2023,空き家数【戸】,2023000000.0,2023年,10000.0,群馬県,1.0,腐朽・破損あり,3.0,共同住宅,1.0,木造,200.0
03-2023,空き家数【戸】,2023000000.0,2023年,10000.0,群馬県,1.0,腐朽・破損あり,3.0,共同住宅,2.0,非木造,600.0
03-2023,空き家数【戸】,2023000000.0,2023年,10000.0,群馬県,2.0,腐朽・破損なし,1.0,一戸建,1.0,木造,44100.0
03-2023,空き家数【戸】,2023000000.0,2023年,10000.0,群馬県,2.0,腐朽・破損なし,1.0,一戸建,2.0,非木造,1500.0
03-2023,空き家数【戸】,2023000000.0,2023年,10000.0,群馬県,2.0,腐朽・破損なし,2.0,長屋建,1.0,木造,500.0
03-2023,空き家数【戸】,2023000000.0,2023年,10000.0,群馬県,2.0,腐朽・破損なし,2.0,長屋建,2.0,非木造,200.0
03-2023,空き家数【戸】,2023000000.0,2023年,10000.0,群馬県,2.0,腐朽・破損なし,3.0,共同住宅,1.0,木造,1700.0
03-2023,空き家数【戸】,2023000000.0,2023年,10000.0,群馬県,2.0,腐朽・破損なし,3.0,共同住宅,2.0,非木造,6700.0
03-2023,空き家数【戸】,2023000000.0,2023年,11000.0,埼玉県,0.0,総数,1.0,一戸建,1.0,木造,94800.0
03-2023,空き家数【戸】,2023000000.0,2023年,11000.0,埼玉県,0.0,総数,1.0,一戸建,2.0,非木造,3900.0
03-2023,空き家数【戸】,2023000000.0,2023年,11000.0,埼玉県,0.0,総数,2.0,長屋建,1.0,木造,2000.0
03-2023,空き家数【戸】,2023000000.0,2023年,11000.0,埼玉県,0.0,総数,2.0,長屋建,2.0,非木造,1000.0
03-2023,空き家数【戸】,2023000000.0,2023年,11000.0,埼玉県,0.0,総数,3.0,共同住宅,1.0,木造,7100.0
03-2023,空き家数【戸】,2023000000.0,2023年,11000.0,埼玉県,0.0,総数,3.0,共同住宅,2.0,非木造,26100.0
03-2023,空き家数【戸】,2023000000.0,2023年,11000.0,埼玉県,1.0,腐朽・破損あり,1.0,一戸建,1.0,木造,23400.0
03-2023,空き家数【戸】,2023000000.0,2023年,11000.0,埼玉県,1.0,腐朽・破損あり,1.0,一戸建,2.0,非木造,700.0
03-2023,空き家数【戸】,2023000000.0,2023年,11000.0,埼玉県,1.0,腐朽・破損あり,2.0,長屋建,1.0,木造,500.0
03-2023,空き家数【戸】,2023000000.0,2023年,11000.0,埼玉県,1.0,腐朽・破損あり,2.0,長屋建,2.0,非木造,100.0
03-2023,空き家数【戸】,2023000000.0,2023年,11000.0,埼玉県,1.0,腐朽・破損あり,3.0,共同住宅,1.0,木造,1200.0
03-2023,空き家数【戸】,2023000000.0,2023年,11000.0,埼玉県,1.0,腐朽・破損あり,3.0,共同住宅,2.0,非木造,2200.0
03-2023,空き家数【戸】,2023000000.0,2023年,11000.0,埼玉県,2.0,腐朽・破損なし,1.0,一戸建,1.0,木造,71500.0
03-2023,空き家数【戸】,2023000000.0,2023年,11000.0,埼玉県,2.0,腐朽・破損なし,1.0,一戸建,2.0,非木造,3200.0
03-2023,空き家数【戸】,2023000000.0,2023年,11000.0,埼玉県,2.0,腐朽・破損なし,2.0,長屋建,1.0,木造,1500.0
03-2023,空き家数【戸】,2023000000.0,2023年,11000.0,埼玉県,2.0,腐朽・破損なし,2.0,長屋建,2.0,非木造,800.0
03-2023,空き家数【戸】,2023000000.0,2023年,11000.0,埼玉県,2.0,腐朽・破損なし,3.0,共同住宅,1.0,木造,5800.0
03-2023,空き家数【戸】,2023000000.0,2023年,11000.0,埼玉県,2.0,腐朽・破損なし,3.0,共同住宅,2.0,非木造,23800.0
03-2023,空き家数【戸】,2023000000.0,2023年,12000.0,千葉県,0.0,総数,1.0,一戸建,1.0,木造,104300.0
03-2023,空き家数【戸】,2023000000.0,2023年,12000.0,千葉県,0.0,総数,1.0,一戸建,2.0,非木造,3900.0
03-2023,空き家数【戸】,2023000000.0,2023年,12000.0,千葉県,0.0,総数,2.0,長屋建,1.0,木造,1600.0
03-2023,空き家数【戸】,2023000000.0,2023年,12000.0,千葉県,0.0,総数,2.0,長屋建,2.0,非木造,800.0
03-2023,空き家数【戸】,2023000000.0,2023年,12000.0,千葉県,0.0,総数,3.0,共同住宅,1.0,木造,9500.0
03-2023,空き家数【戸】,2023000000.0,2023年,12000.0,千葉県,0.0,総数,3.0,共同住宅,2.0,非木造,37800.0
03-2023,空き家数【戸】,2023000000.0,2023年,12000.0,千葉県,1.0,腐朽・破損あり,1.0,一戸建,1.0,木造,25100.0
03-2023,空き家数【戸】,2023000000.0,2023年,12000.0,千葉県,1.0,腐朽・破損あり,1.0,一戸建,2.0,非木造,700.0
03-2023,空き家数【戸】,2023000000.0,2023年,12000.0,千葉県,1.0,腐朽・破損あり,2.0,長屋建,1.0,木造,600.0
03-2023,空き家数【戸】,2023000000.0,2023年,12000.0,千葉県,1.0,腐朽・破損あり,2.0,長屋建,2.0,非木造,300.0
03-2023,空き家数【戸】,2023000000.0,2023年,12000.0,千葉県,1.0,腐朽・破損あり,3.0,共同住宅,1.0,木造,1800.0
03-2023,空き家数【戸】,2023000000.0,2023年,12000.0,千葉県,1.0,腐朽・破損あり,3.0,共同住宅,2.0,非木造,4000.0
03-2023,空き家数【戸】,2023000000.0,2023年,12000.0,千葉県,2.0,腐朽・破損なし,1.0,一戸建,1.0,木造,79100.0
03-2023,空き家数【戸】,2023000000.0,2023年,12000.0,千葉県,2.0,腐朽・破損なし,1.0,一戸建,2.0,非木造,3100.0
03-2023,空き家数【戸】,2023000000.0,2023年,12000.0,千葉県,2.0,腐朽・破損なし,2.0,長屋建,1.0,木造,1100.0
03-2023,空き家数【戸】,2023000000.0,2023年,12000.0,千葉県,2.0,腐朽・破損なし,2.0,長屋建,2.0,非木造,600.0
03-2023,空き家数【戸】,2023000000.0,2023年,12000.0,千葉県,2.0,腐朽・破損なし,3.0,共同住宅,1.0,木造,7700.0
03-2023,空き家数【戸】,2023000000.0,2023年,12000.0,千葉県,2.0,腐朽・破損なし,3.0,共同住宅,2.0,非木造,33800.0
03-2023,空き家数【戸】,2023000000.0,2023年,13000.0,東京都,0.0,総数,1.0,一戸建,1.0,木造,68300.0
03-2023,空き家数【戸】,2023000000.0,2023年,13000.0,東京都,0.0,総数,1.0,一戸建,2.0,非木造,6200.0
03-2023,空き家数【戸】,2023000000.0,2023年,13000.0,東京都,0.0,総数,2.0,長屋建,1.0,木造,2600.0
03-2023,空き家数【戸】,2023000000.0,2023年,13000.0,東京都,0.0,総数,2.0,長屋建,2.0,非木造,1100.0
03-2023,空き家数【戸】,2023000000.0,2023年,13000.0,東京都,0.0,総数,3.0,共同住宅,1.0,木造,21800.0
03-2023,空き家数【戸】,2023000000.0,2023年,13000.0,東京都,0.0,総数,3.0,共同住宅,2.0,非木造,112700.0
03-2023,空き家数【戸】,2023000000.0,2023年,13000.0,東京都,1.0,腐朽・破損あり,1.0,一戸建,1.0,木造,19700.0
03-2023,空き家数【戸】,2023000000.0,2023年,13000.0,東京都,1.0,腐朽・破損あり,1.0,一戸建,2.0,非木造,1400.0
03-2023,空き家数【戸】,2023000000.0,2023年,13000.0,東京都,1.0,腐朽・破損あり,2.0,長屋建,1.0,木造,700.0
03-2023,空き家数【戸】,2023000000.0,2023年,13000.0,東京都,1.0,腐朽・破損あり,2.0,長屋建,2.0,非木造,200.0
03-2023,空き家数【戸】,2023000000.0,2023年,13000.0,東京都,1.0,腐朽・破損あり,3.0,共同住宅,1.0,木造,4800.0
03-2023,空き家数【戸】,2023000000.0,2023年,13000.0,東京都,1.0,腐朽・破損あり,3.0,共同住宅,2.0,非木造,10500.0
03-2023,空き家数【戸】,2023000000.0,2023年,13000.0,東京都,2.0,腐朽・破損なし,1.0,一戸建,1.0,木造,48500.0
03-2023,空き家数【戸】,2023000000.0,2023年,13000.0,東京都,2.0,腐朽・破損なし,1.0,一戸建,2.0,非木造,4800.0
03-2023,空き家数【戸】,2023000000.0,2023年,13000.0,東京都,2.0,腐朽・破損なし,2.0,長屋建,1.0,木造,1900.0
03-2023,空き家数【戸】,2023000000.0,2023年,13000.0,東京都,2.0,腐朽・破損なし,2.0,長屋建,2.0,非木造,900.0
03-2023,空き家数【戸】,2023000000.0,2023年,13000.0,東京都,2.0,腐朽・破損なし,3.0,共同住宅,1.0,木造,17000.0
03-2023,空き家数【戸】,2023000000.0,2023年,13000.0,東京都,2.0,腐朽・破損なし,3.0,共同住宅,2.0,非木造,102200.0
03-2023,空き家数【戸】,2023000000.0,2023年,14000.0,神奈川県,0.0,総数,1.0,一戸建,1.0,木造,65200.0
03-2023,空き家数【戸】,2023000000.0,2023年,14000.0,神奈川県,0.0,総数,1.0,一戸建,2.0,非木造,4700.0
03-2023,空き家数【戸】,2023000000.0,2023年,14000.0,神奈川県,0.0,総数,2.0,長屋建,1.0,木造,2900.0
03-2023,空き家数【戸】,2023000000.0,2023年,14000.0,神奈川県,0.0,総数,2.0,長屋建,2.0,非木造,1100.0
03-2023,空き家数【戸】,2023000000.0,2023年,14000.0,神奈川県,0.0,総数,3.0,共同住宅,1.0,木造,16100.0
03-2023,空き家数【戸】,2023000000.0,2023年,14000.0,神奈川県,0.0,総数,3.0,共同住宅,2.0,非木造,60200.0
03-2023,空き家数【戸】,2023000000.0,2023年,14000.0,神奈川県,1.0,腐朽・破損あり,1.0,一戸建,1.0,木造,16600.0
03-2023,空き家数【戸】,2023000000.0,2023年,14000.0,神奈川県,1.0,腐朽・破損あり,1.0,一戸建,2.0,非木造,900.0
03-2023,空き家数【戸】,2023000000.0,2023年,14000.0,神奈川県,1.0,腐朽・破損あり,2.0,長屋建,1.0,木造,1300.0
03-2023,空き家数【戸】,2023000000.0,2023年,14000.0,神奈川県,1.0,腐朽・破損あり,2.0,長屋建,2.0,非木造,400.0
03-2023,空き家数【戸】,2023000000.0,2023年,14000.0,神奈川県,1.0,腐朽・破損あり,3.0,共同住宅,1.0,木造,4300.0
03-2023,空き家数【戸】,2023000000.0,2023年,14000.0,神奈川県,1.0,腐朽・破損あり,3.0,共同住宅,2.0,非木造,5700.0
03-2023,空き家数【戸】,2023000000.0,2023年,14000.0,神奈川県,2.0,腐朽・破損なし,1.0,一戸建,1.0,木造,48600.0
03-2023,空き家数【戸】,2023000000.0,2023年,14000.0,神奈川県,2.0,腐朽・破損なし,1.0,一戸建,2.0,非木造,3800.0
03-2023,空き家数【戸】,2023000000.0,2023年,14000.0,神奈川県,2.0,腐朽・破損なし,2.0,長屋建,1.0,木造,1600.0
03-2023,空き家数【戸】,2023000000.0,2023年,14000.0,神奈川県,2.0,腐朽・破損なし,2.0,長屋建,2.0,非木造,700.0
03-2023,空き家数【戸】,2023000000.0,2023年,14000.0,神奈川県,2.0,腐朽・破損なし,3.0,共同住宅,1.0,木造,11800.0
03-2023,空き家数【戸】,2023000000.0,2023年,14000.0,神奈川県,2.0,腐朽・破損なし,3.0,共同住宅,2.0,非木造,54500.0
03-2023,空き家数【戸】,2023000000.0,2023年,15000.0,新潟県,0.0,総数,1.0,一戸建,1.0,木造,68700.0
03-2023,空き家数【戸】,2023000000.0,2023年,15000.0,新潟県,0.0,総数,1.0,一戸建,2.0,非木造,1100.0
03-2023,空き家数【戸】,2023000000.0,2023年,15000.0,新潟県,0.0,総数,2.0,長屋建,1.0,木造,700.0
03-2023,空き家数【戸】,2023000000.0,2023年,15000.0,新潟県,0.0,総数,2.0,長屋建,2.0,非木造,400.0
03-2023,空き家数【戸】,2023000000.0,2023年,15000.0,新潟県,0.0,総数,3.0,共同住宅,1.0,木造,2000.0
03-2023,空き家数【戸】,2023000000.0,2023年,15000.0,新潟県,0.0,総数,3.0,共同住宅,2.0,非木造,4300.0
03-2023,空き家数【戸】,2023000000.0,2023年,15000.0,新潟県,1.0,腐朽・破損あり,1.0,一戸建,1.0,木造,17200.0
03-2023,空き家数【戸】,2023000000.0,2023年,15000.0,新潟県,1.0,腐朽・破損あり,1.0,一戸建,2.0,非木造,200.0
03-2023,空き家数【戸】,2023000000.0,2023年,15000.0,新潟県,1.0,腐朽・破損あり,2.0,長屋建,1.0,木造,400.0
03-2023,空き家数【戸】,2023000000.0,2023年,15000.0,新潟県,1.0,腐朽・破損あり,2.0,長屋建,2.0,非木造,100.0
03-2023,空き家数【戸】,2023000000.0,2023年,15000.0,新潟県,1.0,腐朽・破損あり,3.0,共同住宅,1.0,木造,600.0
03-2023,空き家数【戸】,2023000000.0,2023年,15000.0,新潟県,1.0,腐朽・破損あり,3.0,共同住宅,2.0,非木造,1000.0
03-2023,空き家数【戸】,2023000000.0,2023年,15000.0,新潟県,2.0,腐朽・破損なし,1.0,一戸建,1.0,木造,51600.0
03-2023,空き家数【戸】,2023000000.0,2023年,15000.0,新潟県,2.0,腐朽・破損なし,1.0,一戸建,2.0,非木造,900.0
03-2023,空き家数【戸】,2023000000.0,2023年,15000.0,新潟県,2.0,腐朽・破損なし,2.0,長屋建,1.0,木造,300.0
03-2023,空き家数【戸】,2023000000.0,2023年,15000.0,新潟県,2.0,腐朽・破損なし,2.0,長屋建,2.0,非木造,300.0
03-2023,空き家数【戸】,2023000000.0,2023年,15000.0,新潟県,2.0,腐朽・破損なし,3.0,共同住宅,1.0,木造,1400.0
03-2023,空き家数【戸】,2023000000.0,2023年,15000.0,新潟県,2.0,腐朽・破損なし,3.0,共同住宅,2.0,非木造,3300.0
03-2023,空き家数【戸】,2023000000.0,2023年,16000.0,富山県,0.0,総数,1.0,一戸建,1.0,木造,32600.0
03-2023,空き家数【戸】,2023000000.0,2023年,16000.0,富山県,0.0,総数,1.0,一戸建,2.0,非木造,1200.0
03-2023,空き家数【戸】,2023000000.0,2023年,16000.0,富山県,0.0,総数,2.0,長屋建,1.0,木造,300.0
03-2023,空き家数【戸】,2023000000.0,2023年,16000.0,富山県,0.0,総数,2.0,長屋建,2.0,非木造,300.0
03-2023,空き家数【戸】,2023000000.0,2023年,16000.0,富山県,0.0,総数,3.0,共同住宅,1.0,木造,700.0
03-2023,空き家数【戸】,2023000000.0,2023年,16000.0,富山県,0.0,総数,3.0,共同住宅,2.0,非木造,4300.0
03-2023,空き家数【戸】,2023000000.0,2023年,16000.0,富山県,1.0,腐朽・破損あり,1.0,一戸建,1.0,木造,8100.0
03-2023,空き家数【戸】,2023000000.0,2023年,16000.0,富山県,1.0,腐朽・破損あり,1.0,一戸建,2.0,非木造,200.0
03-2023,空き家数【戸】,2023000000.0,2023年,16000.0,富山県,1.0,腐朽・破損あり,2.0,長屋建,1.0,木造,200.0
03-2023,空き家数【戸】,2023000000.0,2023年,16000.0,富山県,1.0,腐朽・破損あり,2.0,長屋建,2.0,非木造,100.0
03-2023,空き家数【戸】,2023000000.0,2023年,16000.0,富山県,1.0,腐朽・破損あり,3.0,共同住宅,1.0,木造,100.0
03-2023,空き家数【戸】,2023000000.0,2023年,16000.0,富山県,1.0,腐朽・破損あり,3.0,共同住宅,2.0,非木造,500.0
03-2023,空き家数【戸】,2023000000.0,2023年,16000.0,富山県,2.0,腐朽・破損なし,1.0,一戸建,1.0,木造,24500.0
03-2023,空き家数【戸】,2023000000.0,2023年,16000.0,富山県,2.0,腐朽・破損なし,1.0,一戸建,2.0,非木造,1000.0
03-2023,空き家数【戸】,2023000000.0,2023年,16000.0,富山県,2.0,腐朽・破損なし,2.0,長屋建,1.0,木造,100.0
03-2023,空き家数【戸】,2023000000.0,2023年,16000.0,富山県,2.0,腐朽・破損なし,2.0,長屋建,2.0,非木造,300.0
03-2023,空き家数【戸】,2023000000.0,2023年,16000.0,富山県,2.0,腐朽・破損なし,3.0,共同住宅,1.0,木造,500.0
03-2023,空き家数【戸】,2023000000.0,2023年,16000.0,富山県,2.0,腐朽・破損なし,3.0,共同住宅,2.0,非木造,3800.0
03-2023,空き家数【戸】,2023000000.0,2023年,17000.0,石川県,0.0,総数,1.0,一戸建,1.0,木造,36200.0
03-2023,空き家数【戸】,2023000000.0,2023年,17000.0,石川県,0.0,総数,1.0,一戸建,2.0,非木造,400.0
03-2023,空き家数【戸】,2023000000.0,2023年,17000.0,石川県,0.0,総数,2.0,長屋建,1.0,木造,400.0
03-2023,空き家数【戸】,2023000000.0,2023年,17000.0,石川県,0.0,総数,2.0,長屋建,2.0,非木造,0.0
03-2023,空き家数【戸】,2023000000.0,2023年,17000.0,石川県,0.0,総数,3.0,共同住宅,1.0,木造,1100.0
03-2023,空き家数【戸】,2023000000.0,2023年,17000.0,石川県,0.0,総数,3.0,共同住宅,2.0,非木造,2400.0
03-2023,空き家数【戸】,2023000000.0,2023年,17000.0,石川県,1.0,腐朽・破損あり,1.0,一戸建,1.0,木造,8900.0
03-2023,空き家数【戸】,2023000000.0,2023年,17000.0,石川県,1.0,腐朽・破損あり,1.0,一戸建,2.0,非木造,100.0
03-2023,空き家数【戸】,2023000000.0,2023年,17000.0,石川県,1.0,腐朽・破損あり,2.0,長屋建,1.0,木造,200.0
03-2023,空き家数【戸】,2023000000.0,2023年,17000.0,石川県,1.0,腐朽・破損あり,2.0,長屋建,2.0,非木造,
03-2023,空き家数【戸】,2023000000.0,2023年,17000.0,石川県,1.0,腐朽・破損あり,3.0,共同住宅,1.0,木造,200.0
03-2023,空き家数【戸】,2023000000.0,2023年,17000.0,石川県,1.0,腐朽・破損あり,3.0,共同住宅,2.0,非木造,100.0
03-2023,空き家数【戸】,2023000000.0,2023年,17000.0,石川県,2.0,腐朽・破損なし,1.0,一戸建,1.0,木造,27300.0
03-2023,空き家数【戸】,2023000000.0,2023年,17000.0,石川県,2.0,腐朽・破損なし,1.0,一戸建,2.0,非木造,400.0
03-2023,空き家数【戸】,2023000000.0,2023年,17000.0,石川県,2.0,腐朽・破損なし,2.0,長屋建,1.0,木造,100.0
03-2023,空き家数【戸】,2023000000.0,2023年,17000.0,石川県,2.0,腐朽・破損なし,2.0,長屋建,2.0,非木造,0.0
03-2023,空き家数【戸】,2023000000.0,2023年,17000.0,石川県,2.0,腐朽・破損なし,3.0,共同住宅,1.0,木造,900.0
03-2023,空き家数【戸】,2023000000.0,2023年,17000.0,石川県,2.0,腐朽・破損なし,3.0,共同住宅,2.0,非木造,2300.0
03-2023,空き家数【戸】,2023000000.0,2023年,18000.0,福井県,0.0,総数,1.0,一戸建,1.0,木造,24300.0
03-2023,空き家数【戸】,2023000000.0,2023年,18000.0,福井県,0.0,総数,1.0,一戸建,2.0,非木造,1100.0
03-2023,空き家数【戸】,2023000000.0,2023年,18000.0,福井県,0.0,総数,2.0,長屋建,1.0,木造,400.0
03-2023,空き家数【戸】,2023000000.0,2023年,18000.0,福井県,0.0,総数,2.0,長屋建,2.0,非木造,100.0
03-2023,空き家数【戸】,2023000000.0,2023年,18000.0,福井県,0.0,総数,3.0,共同住宅,1.0,木造,300.0
03-2023,空き家数【戸】,2023000000.0,2023年,18000.0,福井県,0.0,総数,3.0,共同住宅,2.0,非木造,2500.0
03-2023,空き家数【戸】,2023000000.0,2023年,18000.0,福井県,1.0,腐朽・破損あり,1.0,一戸建,1.0,木造,6000.0
03-2023,空き家数【戸】,2023000000.0,2023年,18000.0,福井県,1.0,腐朽・破損あり,1.0,一戸建,2.0,非木造,200.0
03-2023,空き家数【戸】,2023000000.0,2023年,18000.0,福井県,1.0,腐朽・破損あり,2.0,長屋建,1.0,木造,200.0
03-2023,空き家数【戸】,2023000000.0,2023年,18000.0,福井県,1.0,腐朽・破損あり,2.0,長屋建,2.0,非木造,0.0
03-2023,空き家数【戸】,2023000000.0,2023年,18000.0,福井県,1.0,腐朽・破損あり,3.0,共同住宅,1.0,木造,100.0
03-2023,空き家数【戸】,2023000000.0,2023年,18000.0,福井県,1.0,腐朽・破損あり,3.0,共同住宅,2.0,非木造,200.0
03-2023,空き家数【戸】,2023000000.0,2023年,18000.0,福井県,2.0,腐朽・破損なし,1.0,一戸建,1.0,木造,18300.0
03-2023,空き家数【戸】,2023000000.0,2023年,18000.0,福井県,2.0,腐朽・破損なし,1.0,一戸建,2.0,非木造,900.0
03-2023,空き家数【戸】,2023000000.0,2023年,18000.0,福井県,2.0,腐朽・破損なし,2.0,長屋建,1.0,木造,200.0
03-2023,空き家数【戸】,2023000000.0,2023年,18000.0,福井県,2.0,腐朽・破損なし,2.0,長屋建,2.0,非木造,100.0
03-2023,空き家数【戸】,2023000000.0,2023年,18000.0,福井県,2.0,腐朽・破損なし,3.0,共同住宅,1.0,木造,200.0
03-2023,空き家数【戸】,2023000000.0,2023年,18000.0,福井県,2.0,腐朽・破損なし,3.0,共同住宅,2.0,非木造,2200.0
03-2023,空き家数【戸】,2023000000.0,2023年,19000.0,山梨県,0.0,総数,1.0,一戸建,1.0,木造,31700.0
03-2023,空き家数【戸】,2023000000.0,2023年,19000.0,山梨県,0.0,総数,1.0,一戸建,2.0,非木造,2200.0
03-2023,空き家数【戸】,2023000000.0,2023年,19000.0,山梨県,0.0,総数,2.0,長屋建,1.0,木造,500.0
03-2023,空き家数【戸】,2023000000.0,2023年,19000.0,山梨県,0.0,総数,2.0,長屋建,2.0,非木造,0.0
03-2023,空き家数【戸】,2023000000.0,2023年,19000.0,山梨県,0.0,総数,3.0,共同住宅,1.0,木造,600.0
03-2023,空き家数【戸】,2023000000.0,2023年,19000.0,山梨県,0.0,総数,3.0,共同住宅,2.0,非木造,1800.0
03-2023,空き家数【戸】,2023000000.0,2023年,19000.0,山梨県,1.0,腐朽・破損あり,1.0,一戸建,1.0,木造,9100.0
03-2023,空き家数【戸】,2023000000.0,2023年,19000.0,山梨県,1.0,腐朽・破損あり,1.0,一戸建,2.0,非木造,500.0
03-2023,空き家数【戸】,2023000000.0,2023年,19000.0,山梨県,1.0,腐朽・破損あり,2.0,長屋建,1.0,木造,100.0
03-2023,空き家数【戸】,2023000000.0,2023年,19000.0,山梨県,1.0,腐朽・破損あり,2.0,長屋建,2.0,非木造,
03-2023,空き家数【戸】,2023000000.0,2023年,19000.0,山梨県,1.0,腐朽・破損あり,3.0,共同住宅,1.0,木造,0.0
03-2023,空き家数【戸】,2023000000.0,2023年,19000.0,山梨県,1.0,腐朽・破損あり,3.0,共同住宅,2.0,非木造,100.0
03-2023,空き家数【戸】,2023000000.0,2023年,19000.0,山梨県,2.0,腐朽・破損なし,1.0,一戸建,1.0,木造,22600.0
03-2023,空き家数【戸】,2023000000.0,2023年,19000.0,山梨県,2.0,腐朽・破損なし,1.0,一戸建,2.0,非木造,1700.0
03-2023,空き家数【戸】,2023000000.0,2023年,19000.0,山梨県,2.0,腐朽・破損なし,2.0,長屋建,1.0,木造,400.0
03-2023,空き家数【戸】,2023000000.0,2023年,19000.0,山梨県,2.0,腐朽・破損なし,2.0,長屋建,2.0,非木造,0.0
03-2023,空き家数【戸】,2023000000.0,2023年,19000.0,山梨県,2.0,腐朽・破損なし,3.0,共同住宅,1.0,木造,600.0
03-2023,空き家数【戸】,2023000000.0,2023年,19000.0,山梨県,2.0,腐朽・破損なし,3.0,共同住宅,2.0,非木造,1600.0
03-2023,空き家数【戸】,2023000000.0,2023年,20000.0,長野県,0.0,総数,1.0,一戸建,1.0,木造,75600.0
03-2023,空き家数【戸】,2023000000.0,2023年,20000.0,長野県,0.0,総数,1.0,一戸建,2.0,非木造,3400.0
03-2023,空き家数【戸】,2023000000.0,2023年,20000.0,長野県,0.0,総数,2.0,長屋建,1.0,木造,2200.0
03-2023,空き家数【戸】,2023000000.0,2023年,20000.0,長野県,0.0,総数,2.0,長屋建,2.0,非木造,400.0
03-2023,空き家数【戸】,2023000000.0,2023年,20000.0,長野県,0.0,総数,3.0,共同住宅,1.0,木造,1300.0
03-2023,空き家数【戸】,2023000000.0,2023年,20000.0,長野県,0.0,総数,3.0,共同住宅,2.0,非木造,8700.0
03-2023,空き家数【戸】,2023000000.0,2023年,20000.0,長野県,1.0,腐朽・破損あり,1.0,一戸建,1.0,木造,18400.0
03-2023,空き家数【戸】,2023000000.0,2023年,20000.0,長野県,1.0,腐朽・破損あり,1.0,一戸建,2.0,非木造,300.0
03-2023,空き家数【戸】,2023000000.0,2023年,20000.0,長野県,1.0,腐朽・破損あり,2.0,長屋建,1.0,木造,900.0
03-2023,空き家数【戸】,2023000000.0,2023年,20000.0,長野県,1.0,腐朽・破損あり,2.0,長屋建,2.0,非木造,0.0
03-2023,空き家数【戸】,2023000000.0,2023年,20000.0,長野県,1.0,腐朽・破損あり,3.0,共同住宅,1.0,木造,200.0
03-2023,空き家数【戸】,2023000000.0,2023年,20000.0,長野県,1.0,腐朽・破損あり,3.0,共同住宅,2.0,非木造,700.0
03-2023,空き家数【戸】,2023000000.0,2023年,20000.0,長野県,2.0,腐朽・破損なし,1.0,一戸建,1.0,木造,57300.0
03-2023,空き家数【戸】,2023000000.0,2023年,20000.0,長野県,2.0,腐朽・破損なし,1.0,一戸建,2.0,非木造,3100.0
03-2023,空き家数【戸】,2023000000.0,2023年,20000.0,長野県,2.0,腐朽・破損なし,2.0,長屋建,1.0,木造,1300.0
03-2023,空き家数【戸】,2023000000.0,2023年,20000.0,長野県,2.0,腐朽・破損なし,2.0,長屋建,2.0,非木造,400.0
03-2023,空き家数【戸】,2023000000.0,2023年,20000.0,長野県,2.0,腐朽・破損なし,3.0,共同住宅,1.0,木造,1100.0
03-2023,空き家数【戸】,2023000000.0,2023年,20000.0,長野県,2.0,腐朽・破損なし,3.0,共同住宅,2.0,非木造,8000.0
03-2023,空き家数【戸】,2023000000.0,2023年,21000.0,岐阜県,0.0,総数,1.0,一戸建,1.0,木造,59700.0
03-2023,空き家数【戸】,2023000000.0,2023年,21000.0,岐阜県,0.0,総数,1.0,一戸建,2.0,非木造,3900.0
03-2023,空き家数【戸】,2023000000.0,2023年,21000.0,岐阜県,0.0,総数,2.0,長屋建,1.0,木造,1600.0
03-2023,空き家数【戸】,2023000000.0,2023年,21000.0,岐阜県,0.0,総数,2.0,長屋建,2.0,非木造,500.0
03-2023,空き家数【戸】,2023000000.0,2023年,21000.0,岐阜県,0.0,総数,3.0,共同住宅,1.0,木造,1500.0
03-2023,空き家数【戸】,2023000000.0,2023年,21000.0,岐阜県,0.0,総数,3.0,共同住宅,2.0,非木造,7000.0
03-2023,空き家数【戸】,2023000000.0,2023年,21000.0,岐阜県,1.0,腐朽・破損あり,1.0,一戸建,1.0,木造,15400.0
03-2023,空き家数【戸】,2023000000.0,2023年,21000.0,岐阜県,1.0,腐朽・破損あり,1.0,一戸建,2.0,非木造,700.0
03-2023,空き家数【戸】,2023000000.0,2023年,21000.0,岐阜県,1.0,腐朽・破損あり,2.0,長屋建,1.0,木造,700.0
03-2023,空き家数【戸】,2023000000.0,2023年,21000.0,岐阜県,1.0,腐朽・破損あり,2.0,長屋建,2.0,非木造,100.0
03-2023,空き家数【戸】,2023000000.0,2023年,21000.0,岐阜県,1.0,腐朽・破損あり,3.0,共同住宅,1.0,木造,300.0
03-2023,空き家数【戸】,2023000000.0,2023年,21000.0,岐阜県,1.0,腐朽・破損あり,3.0,共同住宅,2.0,非木造,1200.0
03-2023,空き家数【戸】,2023000000.0,2023年,21000.0,岐阜県,2.0,腐朽・破損なし,1.0,一戸建,1.0,木造,44300.0
03-2023,空き家数【戸】,2023000000.0,2023年,21000.0,岐阜県,2.0,腐朽・破損なし,1.0,一戸建,2.0,非木造,3100.0
03-2023,空き家数【戸】,2023000000.0,2023年,21000.0,岐阜県,2.0,腐朽・破損なし,2.0,長屋建,1.0,木造,900.0
03-2023,空き家数【戸】,2023000000.0,2023年,21000.0,岐阜県,2.0,腐朽・破損なし,2.0,長屋建,2.0,非木造,400.0
03-2023,空き家数【戸】,2023000000.0,2023年,21000.0,岐阜県,2.0,腐朽・破損なし,3.0,共同住宅,1.0,木造,1200.0
03-2023,空き家数【戸】,2023000000.0,2023年,21000.0,岐阜県,2.0,腐朽・破損なし,3.0,共同住宅,2.0,非木造,5800.0
03-2023,空き家数【戸】,2023000000.0,2023年,22000.0,静岡県,0.0,総数,1.0,一戸建,1.0,木造,77300.0
03-2023,空き家数【戸】,2023000000.0,2023年,22000.0,静岡県,0.0,総数,1.0,一戸建,2.0,非木造,5700.0
03-2023,空き家数【戸】,2023000000.0,2023年,22000.0,静岡県,0.0,総数,2.0,長屋建,1.0,木造,1100.0
03-2023,空き家数【戸】,2023000000.0,2023年,22000.0,静岡県,0.0,総数,2.0,長屋建,2.0,非木造,500.0
03-2023,空き家数【戸】,2023000000.0,2023年,22000.0,静岡県,0.0,総数,3.0,共同住宅,1.0,木造,2800.0
03-2023,空き家数【戸】,2023000000.0,2023年,22000.0,静岡県,0.0,総数,3.0,共同住宅,2.0,非木造,16600.0
03-2023,空き家数【戸】,2023000000.0,2023年,22000.0,静岡県,1.0,腐朽・破損あり,1.0,一戸建,1.0,木造,19700.0
03-2023,空き家数【戸】,2023000000.0,2023年,22000.0,静岡県,1.0,腐朽・破損あり,1.0,一戸建,2.0,非木造,1400.0
03-2023,空き家数【戸】,2023000000.0,2023年,22000.0,静岡県,1.0,腐朽・破損あり,2.0,長屋建,1.0,木造,200.0
03-2023,空き家数【戸】,2023000000.0,2023年,22000.0,静岡県,1.0,腐朽・破損あり,2.0,長屋建,2.0,非木造,200.0
03-2023,空き家数【戸】,2023000000.0,2023年,22000.0,静岡県,1.0,腐朽・破損あり,3.0,共同住宅,1.0,木造,500.0
03-2023,空き家数【戸】,2023000000.0,2023年,22000.0,静岡県,1.0,腐朽・破損あり,3.0,共同住宅,2.0,非木造,2400.0
03-2023,空き家数【戸】,2023000000.0,2023年,22000.0,静岡県,2.0,腐朽・破損なし,1.0,一戸建,1.0,木造,57600.0
03-2023,空き家数【戸】,2023000000.0,2023年,22000.0,静岡県,2.0,腐朽・破損なし,1.0,一戸建,2.0,非木造,4200.0
03-2023,空き家数【戸】,2023000000.0,2023年,22000.0,静岡県,2.0,腐朽・破損なし,2.0,長屋建,1.0,木造,800.0
03-2023,空き家数【戸】,2023000000.0,2023年,22000.0,静岡県,2.0,腐朽・破損なし,2.0,長屋建,2.0,非木造,400.0
03-2023,空き家数【戸】,2023000000.0,2023年,22000.0,静岡県,2.0,腐朽・破損なし,3.0,共同住宅,1.0,木造,2400.0
03-2023,空き家数【戸】,2023000000.0,2023年,22000.0,静岡県,2.0,腐朽・破損なし,3.0,共同住宅,2.0,非木造,14300.0
03-2023,空き家数【戸】,2023000000.0,2023年,23000.0,愛知県,0.0,総数,1.0,一戸建,1.0,木造,89000.0
03-2023,空き家数【戸】,2023000000.0,2023年,23000.0,愛知県,0.0,総数,1.0,一戸建,2.0,非木造,8400.0
03-2023,空き家数【戸】,2023000000.0,2023年,23000.0,愛知県,0.0,総数,2.0,長屋建,1.0,木造,6600.0
03-2023,空き家数【戸】,2023000000.0,2023年,23000.0,愛知県,0.0,総数,2.0,長屋建,2.0,非木造,1300.0
03-2023,空き家数【戸】,2023000000.0,2023年,23000.0,愛知県,0.0,総数,3.0,共同住宅,1.0,木造,4500.0
03-2023,空き家数【戸】,2023000000.0,2023年,23000.0,愛知県,0.0,総数,3.0,共同住宅,2.0,非木造,45200.0
03-2023,空き家数【戸】,2023000000.0,2023年,23000.0,愛知県,1.0,腐朽・破損あり,1.0,一戸建,1.0,木造,20300.0
03-2023,空き家数【戸】,2023000000.0,2023年,23000.0,愛知県,1.0,腐朽・破損あり,1.0,一戸建,2.0,非木造,1000.0
03-2023,空き家数【戸】,2023000000.0,2023年,23000.0,愛知県,1.0,腐朽・破損あり,2.0,長屋建,1.0,木造,3100.0
03-2023,空き家数【戸】,2023000000.0,2023年,23000.0,愛知県,1.0,腐朽・破損あり,2.0,長屋建,2.0,非木造,100.0
03-2023,空き家数【戸】,2023000000.0,2023年,23000.0,愛知県,1.0,腐朽・破損あり,3.0,共同住宅,1.0,木造,1500.0
03-2023,空き家数【戸】,2023000000.0,2023年,23000.0,愛知県,1.0,腐朽・破損あり,3.0,共同住宅,2.0,非木造,8300.0
03-2023,空き家数【戸】,2023000000.0,2023年,23000.0,愛知県,2.0,腐朽・破損なし,1.0,一戸建,1.0,木造,68600.0
03-2023,空き家数【戸】,2023000000.0,2023年,23000.0,愛知県,2.0,腐朽・破損なし,1.0,一戸建,2.0,非木造,7500.0
03-2023,空き家数【戸】,2023000000.0,2023年,23000.0,愛知県,2.0,腐朽・破損なし,2.0,長屋建,1.0,木造,3500.0
03-2023,空き家数【戸】,2023000000.0,2023年,23000.0,愛知県,2.0,腐朽・破損なし,2.0,長屋建,2.0,非木造,1200.0
03-2023,空き家数【戸】,2023000000.0,2023年,23000.0,愛知県,2.0,腐朽・破損なし,3.0,共同住宅,1.0,木造,3000.0
03-2023,空き家数【戸】,2023000000.0,2023年,23000.0,愛知県,2.0,腐朽・破損なし,3.0,共同住宅,2.0,非木造,37000.0
03-2023,空き家数【戸】,2023000000.0,2023年,24000.0,三重県,0.0,総数,1.0,一戸建,1.0,木造,65500.0
03-2023,空き家数【戸】,2023000000.0,2023年,24000.0,三重県,0.0,総数,1.0,一戸建,2.0,非木造,5800.0
03-2023,空き家数【戸】,2023000000.0,2023年,24000.0,三重県,0.0,総数,2.0,長屋建,1.0,木造,1700.0
03-2023,空き家数【戸】,2023000000.0,2023年,24000.0,三重県,0.0,総数,2.0,長屋建,2.0,非木造,1100.0
03-2023,空き家数【戸】,2023000000.0,2023年,24000.0,三重県,0.0,総数,3.0,共同住宅,1.0,木造,900.0
03-2023,空き家数【戸】,2023000000.0,2023年,24000.0,三重県,0.0,総数,3.0,共同住宅,2.0,非木造,7800.0
03-2023,空き家数【戸】,2023000000.0,2023年,24000.0,三重県,1.0,腐朽・破損あり,1.0,一戸建,1.0,木造,13000.0
03-2023,空き家数【戸】,2023000000.0,2023年,24000.0,三重県,1.0,腐朽・破損あり,1.0,一戸建,2.0,非木造,1000.0
03-2023,空き家数【戸】,2023000000.0,2023年,24000.0,三重県,1.0,腐朽・破損あり,2.0,長屋建,1.0,木造,500.0
03-2023,空き家数【戸】,2023000000.0,2023年,24000.0,三重県,1.0,腐朽・破損あり,2.0,長屋建,2.0,非木造,300.0
03-2023,空き家数【戸】,2023000000.0,2023年,24000.0,三重県,1.0,腐朽・破損あり,3.0,共同住宅,1.0,木造,100.0
03-2023,空き家数【戸】,2023000000.0,2023年,24000.0,三重県,1.0,腐朽・破損あり,3.0,共同住宅,2.0,非木造,300.0
03-2023,空き家数【戸】,2023000000.0,2023年,24000.0,三重県,2.0,腐朽・破損なし,1.0,一戸建,1.0,木造,52500.0
03-2023,空き家数【戸】,2023000000.0,2023年,24000.0,三重県,2.0,腐朽・破損なし,1.0,一戸建,2.0,非木造,4700.0
03-2023,空き家数【戸】,2023000000.0,2023年,24000.0,三重県,2.0,腐朽・破損なし,2.0,長屋建,1.0,木造,1300.0
03-2023,空き家数【戸】,2023000000.0,2023年,24000.0,三重県,2.0,腐朽・破損なし,2.0,長屋建,2.0,非木造,700.0
03-2023,空き家数【戸】,2023000000.0,2023年,24000.0,三重県,2.0,腐朽・破損なし,3.0,共同住宅,1.0,木造,800.0
03-2023,空き家数【戸】,2023000000.0,2023年,24000.0,三重県,2.0,腐朽・破損なし,3.0,共同住宅,2.0,非木造,7400.0
03-2023,空き家数【戸】,2023000000.0,2023年,25000.0,滋賀県,0.0,総数,1.0,一戸建,1.0,木造,32800.0
03-2023,空き家数【戸】,2023000000.0,2023年,25000.0,滋賀県,0.0,総数,1.0,一戸建,2.0,非木造,3300.0
03-2023,空き家数【戸】,2023000000.0,2023年,25000.0,滋賀県,0.0,総数,2.0,長屋建,1.0,木造,800.0
03-2023,空き家数【戸】,2023000000.0,2023年,25000.0,滋賀県,0.0,総数,2.0,長屋建,2.0,非木造,1000.0
03-2023,空き家数【戸】,2023000000.0,2023年,25000.0,滋賀県,0.0,総数,3.0,共同住宅,1.0,木造,600.0
03-2023,空き家数【戸】,2023000000.0,2023年,25000.0,滋賀県,0.0,総数,3.0,共同住宅,2.0,非木造,9900.0
03-2023,空き家数【戸】,2023000000.0,2023年,25000.0,滋賀県,1.0,腐朽・破損あり,1.0,一戸建,1.0,木造,5800.0
03-2023,空き家数【戸】,2023000000.0,2023年,25000.0,滋賀県,1.0,腐朽・破損あり,1.0,一戸建,2.0,非木造,500.0
03-2023,空き家数【戸】,2023000000.0,2023年,25000.0,滋賀県,1.0,腐朽・破損あり,2.0,長屋建,1.0,木造,300.0
03-2023,空き家数【戸】,2023000000.0,2023年,25000.0,滋賀県,1.0,腐朽・破損あり,2.0,長屋建,2.0,非木造,600.0
03-2023,空き家数【戸】,2023000000.0,2023年,25000.0,滋賀県,1.0,腐朽・破損あり,3.0,共同住宅,1.0,木造,100.0
03-2023,空き家数【戸】,2023000000.0,2023年,25000.0,滋賀県,1.0,腐朽・破損あり,3.0,共同住宅,2.0,非木造,1300.0
03-2023,空き家数【戸】,2023000000.0,2023年,25000.0,滋賀県,2.0,腐朽・破損なし,1.0,一戸建,1.0,木造,27000.0
03-2023,空き家数【戸】,2023000000.0,2023年,25000.0,滋賀県,2.0,腐朽・破損なし,1.0,一戸建,2.0,非木造,2700.0
03-2023,空き家数【戸】,2023000000.0,2023年,25000.0,滋賀県,2.0,腐朽・破損なし,2.0,長屋建,1.0,木造,500.0
03-2023,空き家数【戸】,2023000000.0,2023年,25000.0,滋賀県,2.0,腐朽・破損なし,2.0,長屋建,2.0,非木造,400.0
03-2023,空き家数【戸】,2023000000.0,2023年,25000.0,滋賀県,2.0,腐朽・破損なし,3.0,共同住宅,1.0,木造,500.0
03-2023,空き家数【戸】,2023000000.0,2023年,25000.0,滋賀県,2.0,腐朽・破損なし,3.0,共同住宅,2.0,非木造,8600.0
03-2023,空き家数【戸】,2023000000.0,2023年,26000.0,京都府,0.0,総数,1.0,一戸建,1.0,木造,55900.0
03-2023,空き家数【戸】,2023000000.0,2023年,26000.0,京都府,0.0,総数,1.0,一戸建,2.0,非木造,2500.0
03-2023,空き家数【戸】,2023000000.0,2023年,26000.0,京都府,0.0,総数,2.0,長屋建,1.0,木造,3700.0
03-2023,空き家数【戸】,2023000000.0,2023年,26000.0,京都府,0.0,総数,2.0,長屋建,2.0,非木造,500.0
03-2023,空き家数【戸】,2023000000.0,2023年,26000.0,京都府,0.0,総数,3.0,共同住宅,1.0,木造,2200.0
03-2023,空き家数【戸】,2023000000.0,2023年,26000.0,京都府,0.0,総数,3.0,共同住宅,2.0,非木造,19600.0
03-2023,空き家数【戸】,2023000000.0,2023年,26000.0,京都府,1.0,腐朽・破損あり,1.0,一戸建,1.0,木造,12400.0
03-2023,空き家数【戸】,2023000000.0,2023年,26000.0,京都府,1.0,腐朽・破損あり,1.0,一戸建,2.0,非木造,500.0
03-2023,空き家数【戸】,2023000000.0,2023年,26000.0,京都府,1.0,腐朽・破損あり,2.0,長屋建,1.0,木造,1700.0
03-2023,空き家数【戸】,2023000000.0,2023年,26000.0,京都府,1.0,腐朽・破損あり,2.0,長屋建,2.0,非木造,100.0
03-2023,空き家数【戸】,2023000000.0,2023年,26000.0,京都府,1.0,腐朽・破損あり,3.0,共同住宅,1.0,木造,800.0
03-2023,空き家数【戸】,2023000000.0,2023年,26000.0,京都府,1.0,腐朽・破損あり,3.0,共同住宅,2.0,非木造,1800.0
03-2023,空き家数【戸】,2023000000.0,2023年,26000.0,京都府,2.0,腐朽・破損なし,1.0,一戸建,1.0,木造,43500.0
03-2023,空き家数【戸】,2023000000.0,2023年,26000.0,京都府,2.0,腐朽・破損なし,1.0,一戸建,2.0,非木造,2000.0
03-2023,空き家数【戸】,2023000000.0,2023年,26000.0,京都府,2.0,腐朽・破損なし,2.0,長屋建,1.0,木造,2000.0
03-2023,空き家数【戸】,2023000000.0,2023年,26000.0,京都府,2.0,腐朽・破損なし,2.0,長屋建,2.0,非木造,400.0
03-2023,空き家数【戸】,2023000000.0,2023年,26000.0,京都府,2.0,腐朽・破損なし,3.0,共同住宅,1.0,木造,1500.0
03-2023,空き家数【戸】,2023000000.0,2023年,26000.0,京都府,2.0,腐朽・破損なし,3.0,共同住宅,2.0,非木造,17800.0
03-2023,空き家数【戸】,2023000000.0,2023年,27000.0,大阪府,0.0,総数,1.0,一戸建,1.0,木造,97900.0
03-2023,空き家数【戸】,2023000000.0,2023年,27000.0,大阪府,0.0,総数,1.0,一戸建,2.0,非木造,10100.0
03-2023,空き家数【戸】,2023000000.0,2023年,27000.0,大阪府,0.0,総数,2.0,長屋建,1.0,木造,19600.0
03-2023,空き家数【戸】,2023000000.0,2023年,27000.0,大阪府,0.0,総数,2.0,長屋建,2.0,非木造,1200.0
03-2023,空き家数【戸】,2023000000.0,2023年,27000.0,大阪府,0.0,総数,3.0,共同住宅,1.0,木造,11500.0
03-2023,空き家数【戸】,2023000000.0,2023年,27000.0,大阪府,0.0,総数,3.0,共同住宅,2.0,非木造,85500.0
03-2023,空き家数【戸】,2023000000.0,2023年,27000.0,大阪府,1.0,腐朽・破損あり,1.0,一戸建,1.0,木造,23200.0
03-2023,空き家数【戸】,2023000000.0,2023年,27000.0,大阪府,1.0,腐朽・破損あり,1.0,一戸建,2.0,非木造,1700.0
03-2023,空き家数【戸】,2023000000.0,2023年,27000.0,大阪府,1.0,腐朽・破損あり,2.0,長屋建,1.0,木造,7800.0
03-2023,空き家数【戸】,2023000000.0,2023年,27000.0,大阪府,1.0,腐朽・破損あり,2.0,長屋建,2.0,非木造,300.0
03-2023,空き家数【戸】,2023000000.0,2023年,27000.0,大阪府,1.0,腐朽・破損あり,3.0,共同住宅,1.0,木造,5200.0
03-2023,空き家数【戸】,2023000000.0,2023年,27000.0,大阪府,1.0,腐朽・破損あり,3.0,共同住宅,2.0,非木造,11000.0
03-2023,空き家数【戸】,2023000000.0,2023年,27000.0,大阪府,2.0,腐朽・破損なし,1.0,一戸建,1.0,木造,74800.0
03-2023,空き家数【戸】,2023000000.0,2023年,27000.0,大阪府,2.0,腐朽・破損なし,1.0,一戸建,2.0,非木造,8400.0
03-2023,空き家数【戸】,2023000000.0,2023年,27000.0,大阪府,2.0,腐朽・破損なし,2.0,長屋建,1.0,木造,11800.0
03-2023,空き家数【戸】,2023000000.0,2023年,27000.0,大阪府,2.0,腐朽・破損なし,2.0,長屋建,2.0,非木造,900.0
03-2023,空き家数【戸】,2023000000.0,2023年,27000.0,大阪府,2.0,腐朽・破損なし,3.0,共同住宅,1.0,木造,6300.0
03-2023,空き家数【戸】,2023000000.0,2023年,27000.0,大阪府,2.0,腐朽・破損なし,3.0,共同住宅,2.0,非木造,74400.0
03-2023,空き家数【戸】,2023000000.0,2023年,28000.0,兵庫県,0.0,総数,1.0,一戸建,1.0,木造,97200.0
03-2023,空き家数【戸】,2023000000.0,2023年,28000.0,兵庫県,0.0,総数,1.0,一戸建,2.0,非木造,8300.0
03-2023,空き家数【戸】,2023000000.0,2023年,28000.0,兵庫県,0.0,総数,2.0,長屋建,1.0,木造,8100.0
03-2023,空き家数【戸】,2023000000.0,2023年,28000.0,兵庫県,0.0,総数,2.0,長屋建,2.0,非木造,2200.0
03-2023,空き家数【戸】,2023000000.0,2023年,28000.0,兵庫県,0.0,総数,3.0,共同住宅,1.0,木造,5200.0
03-2023,空き家数【戸】,2023000000.0,2023年,28000.0,兵庫県,0.0,総数,3.0,共同住宅,2.0,非木造,50700.0
03-2023,空き家数【戸】,2023000000.0,2023年,28000.0,兵庫県,1.0,腐朽・破損あり,1.0,一戸建,1.0,木造,18800.0
03-2023,空き家数【戸】,2023000000.0,2023年,28000.0,兵庫県,1.0,腐朽・破損あり,1.0,一戸建,2.0,非木造,1000.0
03-2023,空き家数【戸】,2023000000.0,2023年,28000.0,兵庫県,1.0,腐朽・破損あり,2.0,長屋建,1.0,木造,3400.0
03-2023,空き家数【戸】,2023000000.0,2023年,28000.0,兵庫県,1.0,腐朽・破損あり,2.0,長屋建,2.0,非木造,1000.0
03-2023,空き家数【戸】,2023000000.0,2023年,28000.0,兵庫県,1.0,腐朽・破損あり,3.0,共同住宅,1.0,木造,1200.0
03-2023,空き家数【戸】,2023000000.0,2023年,28000.0,兵庫県,1.0,腐朽・破損あり,3.0,共同住宅,2.0,非木造,5400.0
03-2023,空き家数【戸】,2023000000.0,2023年,28000.0,兵庫県,2.0,腐朽・破損なし,1.0,一戸建,1.0,木造,78400.0
03-2023,空き家数【戸】,2023000000.0,2023年,28000.0,兵庫県,2.0,腐朽・破損なし,1.0,一戸建,2.0,非木造,7300.0
03-2023,空き家数【戸】,2023000000.0,2023年,28000.0,兵庫県,2.0,腐朽・破損なし,2.0,長屋建,1.0,木造,4600.0
03-2023,空き家数【戸】,2023000000.0,2023年,28000.0,兵庫県,2.0,腐朽・破損なし,2.0,長屋建,2.0,非木造,1300.0
03-2023,空き家数【戸】,2023000000.0,2023年,28000.0,兵庫県,2.0,腐朽・破損なし,3.0,共同住宅,1.0,木造,4000.0
03-2023,空き家数【戸】,2023000000.0,2023年,28000.0,兵庫県,2.0,腐朽・破損なし,3.0,共同住宅,2.0,非木造,45300.0
03-2023,空き家数【戸】,2023000000.0,2023年,29000.0,奈良県,0.0,総数,1.0,一戸建,1.0,木造,35200.0
03-2023,空き家数【戸】,2023000000.0,2023年,29000.0,奈良県,0.0,総数,1.0,一戸建,2.0,非木造,2300.0
03-2023,空き家数【戸】,2023000000.0,2023年,29000.0,奈良県,0.0,総数,2.0,長屋建,1.0,木造,3000.0
03-2023,空き家数【戸】,2023000000.0,2023年,29000.0,奈良県,0.0,総数,2.0,長屋建,2.0,非木造,500.0
03-2023,空き家数【戸】,2023000000.0,2023年,29000.0,奈良県,0.0,総数,3.0,共同住宅,1.0,木造,1000.0
03-2023,空き家数【戸】,2023000000.0,2023年,29000.0,奈良県,0.0,総数,3.0,共同住宅,2.0,非木造,7300.0
03-2023,空き家数【戸】,2023000000.0,2023年,29000.0,奈良県,1.0,腐朽・破損あり,1.0,一戸建,1.0,木造,6500.0
03-2023,空き家数【戸】,2023000000.0,2023年,29000.0,奈良県,1.0,腐朽・破損あり,1.0,一戸建,2.0,非木造,500.0
03-2023,空き家数【戸】,2023000000.0,2023年,29000.0,奈良県,1.0,腐朽・破損あり,2.0,長屋建,1.0,木造,1200.0
03-2023,空き家数【戸】,2023000000.0,2023年,29000.0,奈良県,1.0,腐朽・破損あり,2.0,長屋建,2.0,非木造,200.0
03-2023,空き家数【戸】,2023000000.0,2023年,29000.0,奈良県,1.0,腐朽・破損あり,3.0,共同住宅,1.0,木造,300.0
03-2023,空き家数【戸】,2023000000.0,2023年,29000.0,奈良県,1.0,腐朽・破損あり,3.0,共同住宅,2.0,非木造,1600.0
03-2023,空き家数【戸】,2023000000.0,2023年,29000.0,奈良県,2.0,腐朽・破損なし,1.0,一戸建,1.0,木造,28600.0
03-2023,空き家数【戸】,2023000000.0,2023年,29000.0,奈良県,2.0,腐朽・破損なし,1.0,一戸建,2.0,非木造,1800.0
03-2023,空き家数【戸】,2023000000.0,2023年,29000.0,奈良県,2.0,腐朽・破損なし,2.0,長屋建,1.0,木造,1800.0
03-2023,空き家数【戸】,2023000000.0,2023年,29000.0,奈良県,2.0,腐朽・破損なし,2.0,長屋建,2.0,非木造,300.0
03-2023,空き家数【戸】,2023000000.0,2023年,29000.0,奈良県,2.0,腐朽・破損なし,3.0,共同住宅,1.0,木造,700.0
03-2023,空き家数【戸】,2023000000.0,2023年,29000.0,奈良県,2.0,腐朽・破損なし,3.0,共同住宅,2.0,非木造,5700.0
03-2023,空き家数【戸】,2023000000.0,2023年,30000.0,和歌山県,0.0,総数,1.0,一戸建,1.0,木造,45900.0
03-2023,空き家数【戸】,2023000000.0,2023年,30000.0,和歌山県,0.0,総数,1.0,一戸建,2.0,非木造,5100.0
03-2023,空き家数【戸】,2023000000.0,2023年,30000.0,和歌山県,0.0,総数,2.0,長屋建,1.0,木造,2600.0
03-2023,空き家数【戸】,2023000000.0,2023年,30000.0,和歌山県,0.0,総数,2.0,長屋建,2.0,非木造,600.0
03-2023,空き家数【戸】,2023000000.0,2023年,30000.0,和歌山県,0.0,総数,3.0,共同住宅,1.0,木造,800.0
03-2023,空き家数【戸】,2023000000.0,2023年,30000.0,和歌山県,0.0,総数,3.0,共同住宅,2.0,非木造,4500.0
03-2023,空き家数【戸】,2023000000.0,2023年,30000.0,和歌山県,1.0,腐朽・破損あり,1.0,一戸建,1.0,木造,11200.0
03-2023,空き家数【戸】,2023000000.0,2023年,30000.0,和歌山県,1.0,腐朽・破損あり,1.0,一戸建,2.0,非木造,1100.0
03-2023,空き家数【戸】,2023000000.0,2023年,30000.0,和歌山県,1.0,腐朽・破損あり,2.0,長屋建,1.0,木造,1100.0
03-2023,空き家数【戸】,2023000000.0,2023年,30000.0,和歌山県,1.0,腐朽・破損あり,2.0,長屋建,2.0,非木造,200.0
03-2023,空き家数【戸】,2023000000.0,2023年,30000.0,和歌山県,1.0,腐朽・破損あり,3.0,共同住宅,1.0,木造,200.0
03-2023,空き家数【戸】,2023000000.0,2023年,30000.0,和歌山県,1.0,腐朽・破損あり,3.0,共同住宅,2.0,非木造,2300.0
03-2023,空き家数【戸】,2023000000.0,2023年,30000.0,和歌山県,2.0,腐朽・破損なし,1.0,一戸建,1.0,木造,34700.0
03-2023,空き家数【戸】,2023000000.0,2023年,30000.0,和歌山県,2.0,腐朽・破損なし,1.0,一戸建,2.0,非木造,4100.0
03-2023,空き家数【戸】,2023000000.0,2023年,30000.0,和歌山県,2.0,腐朽・破損なし,2.0,長屋建,1.0,木造,1400.0
03-2023,空き家数【戸】,2023000000.0,2023年,30000.0,和歌山県,2.0,腐朽・破損なし,2.0,長屋建,2.0,非木造,400.0
03-2023,空き家数【戸】,2023000000.0,2023年,30000.0,和歌山県,2.0,腐朽・破損なし,3.0,共同住宅,1.0,木造,600.0
03-2023,空き家数【戸】,2023000000.0,2023年,30000.0,和歌山県,2.0,腐朽・破損なし,3.0,共同住宅,2.0,非木造,2200.0
03-2023,空き家数【戸】,2023000000.0,2023年,31000.0,鳥取県,0.0,総数,1.0,一戸建,1.0,木造,20700.0
03-2023,空き家数【戸】,2023000000.0,2023年,31000.0,鳥取県,0.0,総数,1.0,一戸建,2.0,非木造,700.0
03-2023,空き家数【戸】,2023000000.0,2023年,31000.0,鳥取県,0.0,総数,2.0,長屋建,1.0,木造,500.0
03-2023,空き家数【戸】,2023000000.0,2023年,31000.0,鳥取県,0.0,総数,2.0,長屋建,2.0,非木造,200.0
03-2023,空き家数【戸】,2023000000.0,2023年,31000.0,鳥取県,0.0,総数,3.0,共同住宅,1.0,木造,300.0
03-2023,空き家数【戸】,2023000000.0,2023年,31000.0,鳥取県,0.0,総数,3.0,共同住宅,2.0,非木造,3000.0
03-2023,空き家数【戸】,2023000000.0,2023年,31000.0,鳥取県,1.0,腐朽・破損あり,1.0,一戸建,1.0,木造,4300.0
03-2023,空き家数【戸】,2023000000.0,2023年,31000.0,鳥取県,1.0,腐朽・破損あり,1.0,一戸建,2.0,非木造,100.0
03-2023,空き家数【戸】,2023000000.0,2023年,31000.0,鳥取県,1.0,腐朽・破損あり,2.0,長屋建,1.0,木造,100.0
03-2023,空き家数【戸】,2023000000.0,2023年,31000.0,鳥取県,1.0,腐朽・破損あり,2.0,長屋建,2.0,非木造,200.0
03-2023,空き家数【戸】,2023000000.0,2023年,31000.0,鳥取県,1.0,腐朽・破損あり,3.0,共同住宅,1.0,木造,
03-2023,空き家数【戸】,2023000000.0,2023年,31000.0,鳥取県,1.0,腐朽・破損あり,3.0,共同住宅,2.0,非木造,100.0
03-2023,空き家数【戸】,2023000000.0,2023年,31000.0,鳥取県,2.0,腐朽・破損なし,1.0,一戸建,1.0,木造,16300.0
03-2023,空き家数【戸】,2023000000.0,2023年,31000.0,鳥取県,2.0,腐朽・破損なし,1.0,一戸建,2.0,非木造,600.0
03-2023,空き家数【戸】,2023000000.0,2023年,31000.0,鳥取県,2.0,腐朽・破損なし,2.0,長屋建,1.0,木造,300.0
03-2023,空き家数【戸】,2023000000.0,2023年,31000.0,鳥取県,2.0,腐朽・破損なし,2.0,長屋建,2.0,非木造,100.0
03-2023,空き家数【戸】,2023000000.0,2023年,31000.0,鳥取県,2.0,腐朽・破損なし,3.0,共同住宅,1.0,木造,300.0
03-2023,空き家数【戸】,2023000000.0,2023年,31000.0,鳥取県,2.0,腐朽・破損なし,3.0,共同住宅,2.0,非木造,2900.0
03-2023,空き家数【戸】,2023000000.0,2023年,32000.0,島根県,0.0,総数,1.0,一戸建,1.0,木造,32600.0
03-2023,空き家数【戸】,2023000000.0,2023年,32000.0,島根県,0.0,総数,1.0,一戸建,2.0,非木造,700.0
03-2023,空き家数【戸】,2023000000.0,2023年,32000.0,島根県,0.0,総数,2.0,長屋建,1.0,木造,700.0
03-2023,空き家数【戸】,2023000000.0,2023年,32000.0,島根県,0.0,総数,2.0,長屋建,2.0,非木造,200.0
03-2023,空き家数【戸】,2023000000.0,2023年,32000.0,島根県,0.0,総数,3.0,共同住宅,1.0,木造,600.0
03-2023,空き家数【戸】,2023000000.0,2023年,32000.0,島根県,0.0,総数,3.0,共同住宅,2.0,非木造,1500.0
03-2023,空き家数【戸】,2023000000.0,2023年,32000.0,島根県,1.0,腐朽・破損あり,1.0,一戸建,1.0,木造,7800.0
03-2023,空き家数【戸】,2023000000.0,2023年,32000.0,島根県,1.0,腐朽・破損あり,1.0,一戸建,2.0,非木造,100.0
03-2023,空き家数【戸】,2023000000.0,2023年,32000.0,島根県,1.0,腐朽・破損あり,2.0,長屋建,1.0,木造,200.0
03-2023,空き家数【戸】,2023000000.0,2023年,32000.0,島根県,1.0,腐朽・破損あり,2.0,長屋建,2.0,非木造,0.0
03-2023,空き家数【戸】,2023000000.0,2023年,32000.0,島根県,1.0,腐朽・破損あり,3.0,共同住宅,1.0,木造,100.0
03-2023,空き家数【戸】,2023000000.0,2023年,32000.0,島根県,1.0,腐朽・破損あり,3.0,共同住宅,2.0,非木造,200.0
03-2023,空き家数【戸】,2023000000.0,2023年,32000.0,島根県,2.0,腐朽・破損なし,1.0,一戸建,1.0,木造,24700.0
03-2023,空き家数【戸】,2023000000.0,2023年,32000.0,島根県,2.0,腐朽・破損なし,1.0,一戸建,2.0,非木造,600.0
03-2023,空き家数【戸】,2023000000.0,2023年,32000.0,島根県,2.0,腐朽・破損なし,2.0,長屋建,1.0,木造,500.0
03-2023,空き家数【戸】,2023000000.0,2023年,32000.0,島根県,2.0,腐朽・破損なし,2.0,長屋建,2.0,非木造,200.0
03-2023,空き家数【戸】,2023000000.0,2023年,32000.0,島根県,2.0,腐朽・破損なし,3.0,共同住宅,1.0,木造,600.0
03-2023,空き家数【戸】,2023000000.0,2023年,32000.0,島根県,2.0,腐朽・破損なし,3.0,共同住宅,2.0,非木造,1400.0
03-2023,空き家数【戸】,2023000000.0,2023年,33000.0,岡山県,0.0,総数,1.0,一戸建,1.0,木造,67100.0
03-2023,空き家数【戸】,2023000000.0,2023年,33000.0,岡山県,0.0,総数,1.0,一戸建,2.0,非木造,3800.0
03-2023,空き家数【戸】,2023000000.0,2023年,33000.0,岡山県,0.0,総数,2.0,長屋建,1.0,木造,1600.0
03-2023,空き家数【戸】,2023000000.0,2023年,33000.0,岡山県,0.0,総数,2.0,長屋建,2.0,非木造,2100.0
03-2023,空き家数【戸】,2023000000.0,2023年,33000.0,岡山県,0.0,総数,3.0,共同住宅,1.0,木造,1300.0
03-2023,空き家数【戸】,2023000000.0,2023年,33000.0,岡山県,0.0,総数,3.0,共同住宅,2.0,非木造,6300.0
03-2023,空き家数【戸】,2023000000.0,2023年,33000.0,岡山県,1.0,腐朽・破損あり,1.0,一戸建,1.0,木造,16700.0
03-2023,空き家数【戸】,2023000000.0,2023年,33000.0,岡山県,1.0,腐朽・破損あり,1.0,一戸建,2.0,非木造,700.0
03-2023,空き家数【戸】,2023000000.0,2023年,33000.0,岡山県,1.0,腐朽・破損あり,2.0,長屋建,1.0,木造,500.0
03-2023,空き家数【戸】,2023000000.0,2023年,33000.0,岡山県,1.0,腐朽・破損あり,2.0,長屋建,2.0,非木造,1100.0
03-2023,空き家数【戸】,2023000000.0,2023年,33000.0,岡山県,1.0,腐朽・破損あり,3.0,共同住宅,1.0,木造,400.0
03-2023,空き家数【戸】,2023000000.0,2023年,33000.0,岡山県,1.0,腐朽・破損あり,3.0,共同住宅,2.0,非木造,500.0
03-2023,空き家数【戸】,2023000000.0,2023年,33000.0,岡山県,2.0,腐朽・破損なし,1.0,一戸建,1.0,木造,50300.0
03-2023,空き家数【戸】,2023000000.0,2023年,33000.0,岡山県,2.0,腐朽・破損なし,1.0,一戸建,2.0,非木造,3000.0
03-2023,空き家数【戸】,2023000000.0,2023年,33000.0,岡山県,2.0,腐朽・破損なし,2.0,長屋建,1.0,木造,1100.0
03-2023,空き家数【戸】,2023000000.0,2023年,33000.0,岡山県,2.0,腐朽・破損なし,2.0,長屋建,2.0,非木造,1000.0
03-2023,空き家数【戸】,2023000000.0,2023年,33000.0,岡山県,2.0,腐朽・破損なし,3.0,共同住宅,1.0,木造,1000.0
03-2023,空き家数【戸】,2023000000.0,2023年,33000.0,岡山県,2.0,腐朽・破損なし,3.0,共同住宅,2.0,非木造,5800.0
03-2023,空き家数【戸】,2023000000.0,2023年,34000.0,広島県,0.0,総数,1.0,一戸建,1.0,木造,87100.0
03-2023,空き家数【戸】,2023000000.0,2023年,34000.0,広島県,0.0,総数,1.0,一戸建,2.0,非木造,4800.0
03-2023,空き家数【戸】,2023000000.0,2023年,34000.0,広島県,0.0,総数,2.0,長屋建,1.0,木造,3000.0
03-2023,空き家数【戸】,2023000000.0,2023年,34000.0,広島県,0.0,総数,2.0,長屋建,2.0,非木造,1100.0
03-2023,空き家数【戸】,2023000000.0,2023年,34000.0,広島県,0.0,総数,3.0,共同住宅,1.0,木造,2200.0
03-2023,空き家数【戸】,2023000000.0,2023年,34000.0,広島県,0.0,総数,3.0,共同住宅,2.0,非木造,16000.0
03-2023,空き家数【戸】,2023000000.0,2023年,34000.0,広島県,1.0,腐朽・破損あり,1.0,一戸建,1.0,木造,17700.0
03-2023,空き家数【戸】,2023000000.0,2023年,34000.0,広島県,1.0,腐朽・破損あり,1.0,一戸建,2.0,非木造,700.0
03-2023,空き家数【戸】,2023000000.0,2023年,34000.0,広島県,1.0,腐朽・破損あり,2.0,長屋建,1.0,木造,1300.0
03-2023,空き家数【戸】,2023000000.0,2023年,34000.0,広島県,1.0,腐朽・破損あり,2.0,長屋建,2.0,非木造,400.0
03-2023,空き家数【戸】,2023000000.0,2023年,34000.0,広島県,1.0,腐朽・破損あり,3.0,共同住宅,1.0,木造,500.0
03-2023,空き家数【戸】,2023000000.0,2023年,34000.0,広島県,1.0,腐朽・破損あり,3.0,共同住宅,2.0,非木造,1600.0
03-2023,空き家数【戸】,2023000000.0,2023年,34000.0,広島県,2.0,腐朽・破損なし,1.0,一戸建,1.0,木造,69400.0
03-2023,空き家数【戸】,2023000000.0,2023年,34000.0,広島県,2.0,腐朽・破損なし,1.0,一戸建,2.0,非木造,4100.0
03-2023,空き家数【戸】,2023000000.0,2023年,34000.0,広島県,2.0,腐朽・破損なし,2.0,長屋建,1.0,木造,1600.0
03-2023,空き家数【戸】,2023000000.0,2023年,34000.0,広島県,2.0,腐朽・破損なし,2.0,長屋建,2.0,非木造,700.0
03-2023,空き家数【戸】,2023000000.0,2023年,34000.0,広島県,2.0,腐朽・破損なし,3.0,共同住宅,1.0,木造,1600.0
03-2023,空き家数【戸】,2023000000.0,2023年,34000.0,広島県,2.0,腐朽・破損なし,3.0,共同住宅,2.0,非木造,14400.0
03-2023,空き家数【戸】,2023000000.0,2023年,35000.0,山口県,0.0,総数,1.0,一戸建,1.0,木造,66000.0
03-2023,空き家数【戸】,2023000000.0,2023年,35000.0,山口県,0.0,総数,1.0,一戸建,2.0,非木造,4000.0
03-2023,空き家数【戸】,2023000000.0,2023年,35000.0,山口県,0.0,総数,2.0,長屋建,1.0,木造,1900.0
03-2023,空き家数【戸】,2023000000.0,2023年,35000.0,山口県,0.0,総数,2.0,長屋建,2.0,非木造,900.0
03-2023,空き家数【戸】,2023000000.0,2023年,35000.0,山口県,0.0,総数,3.0,共同住宅,1.0,木造,1000.0
03-2023,空き家数【戸】,2023000000.0,2023年,35000.0,山口県,0.0,総数,3.0,共同住宅,2.0,非木造,6500.0
03-2023,空き家数【戸】,2023000000.0,2023年,35000.0,山口県,1.0,腐朽・破損あり,1.0,一戸建,1.0,木造,18700.0
03-2023,空き家数【戸】,2023000000.0,2023年,35000.0,山口県,1.0,腐朽・破損あり,1.0,一戸建,2.0,非木造,800.0
03-2023,空き家数【戸】,2023000000.0,2023年,35000.0,山口県,1.0,腐朽・破損あり,2.0,長屋建,1.0,木造,700.0
03-2023,空き家数【戸】,2023000000.0,2023年,35000.0,山口県,1.0,腐朽・破損あり,2.0,長屋建,2.0,非木造,100.0
03-2023,空き家数【戸】,2023000000.0,2023年,35000.0,山口県,1.0,腐朽・破損あり,3.0,共同住宅,1.0,木造,200.0
03-2023,空き家数【戸】,2023000000.0,2023年,35000.0,山口県,1.0,腐朽・破損あり,3.0,共同住宅,2.0,非木造,1700.0
03-2023,空き家数【戸】,2023000000.0,2023年,35000.0,山口県,2.0,腐朽・破損なし,1.0,一戸建,1.0,木造,47300.0
03-2023,空き家数【戸】,2023000000.0,2023年,35000.0,山口県,2.0,腐朽・破損なし,1.0,一戸建,2.0,非木造,3200.0
03-2023,空き家数【戸】,2023000000.0,2023年,35000.0,山口県,2.0,腐朽・破損なし,2.0,長屋建,1.0,木造,1200.0
03-2023,空き家数【戸】,2023000000.0,2023年,35000.0,山口県,2.0,腐朽・破損なし,2.0,長屋建,2.0,非木造,800.0
03-2023,空き家数【戸】,2023000000.0,2023年,35000.0,山口県,2.0,腐朽・破損なし,3.0,共同住宅,1.0,木造,700.0
03-2023,空き家数【戸】,2023000000.0,2023年,35000.0,山口県,2.0,腐朽・破損なし,3.0,共同住宅,2.0,非木造,4800.0
03-2023,空き家数【戸】,2023000000.0,2023年,36000.0,徳島県,0.0,総数,1.0,一戸建,1.0,木造,36600.0
03-2023,空き家数【戸】,2023000000.0,2023年,36000.0,徳島県,0.0,総数,1.0,一戸建,2.0,非木造,3800.0
03-2023,空き家数【戸】,2023000000.0,2023年,36000.0,徳島県,0.0,総数,2.0,長屋建,1.0,木造,800.0
03-2023,空き家数【戸】,2023000000.0,2023年,36000.0,徳島県,0.0,総数,2.0,長屋建,2.0,非木造,700.0
03-2023,空き家数【戸】,2023000000.0,2023年,36000.0,徳島県,0.0,総数,3.0,共同住宅,1.0,木造,400.0
03-2023,空き家数【戸】,2023000000.0,2023年,36000.0,徳島県,0.0,総数,3.0,共同住宅,2.0,非木造,5100.0
03-2023,空き家数【戸】,2023000000.0,2023年,36000.0,徳島県,1.0,腐朽・破損あり,1.0,一戸建,1.0,木造,11600.0
03-2023,空き家数【戸】,2023000000.0,2023年,36000.0,徳島県,1.0,腐朽・破損あり,1.0,一戸建,2.0,非木造,800.0
03-2023,空き家数【戸】,2023000000.0,2023年,36000.0,徳島県,1.0,腐朽・破損あり,2.0,長屋建,1.0,木造,400.0
03-2023,空き家数【戸】,2023000000.0,2023年,36000.0,徳島県,1.0,腐朽・破損あり,2.0,長屋建,2.0,非木造,400.0
03-2023,空き家数【戸】,2023000000.0,2023年,36000.0,徳島県,1.0,腐朽・破損あり,3.0,共同住宅,1.0,木造,200.0
03-2023,空き家数【戸】,2023000000.0,2023年,36000.0,徳島県,1.0,腐朽・破損あり,3.0,共同住宅,2.0,非木造,600.0
03-2023,空き家数【戸】,2023000000.0,2023年,36000.0,徳島県,2.0,腐朽・破損なし,1.0,一戸建,1.0,木造,25000.0
03-2023,空き家数【戸】,2023000000.0,2023年,36000.0,徳島県,2.0,腐朽・破損なし,1.0,一戸建,2.0,非木造,3000.0
03-2023,空き家数【戸】,2023000000.0,2023年,36000.0,徳島県,2.0,腐朽・破損なし,2.0,長屋建,1.0,木造,400.0
03-2023,空き家数【戸】,2023000000.0,2023年,36000.0,徳島県,2.0,腐朽・破損なし,2.0,長屋建,2.0,非木造,400.0
03-2023,空き家数【戸】,2023000000.0,2023年,36000.0,徳島県,2.0,腐朽・破損なし,3.0,共同住宅,1.0,木造,200.0
03-2023,空き家数【戸】,2023000000.0,2023年,36000.0,徳島県,2.0,腐朽・破損なし,3.0,共同住宅,2.0,非木造,4500.0
03-2023,空き家数【戸】,2023000000.0,2023年,37000.0,香川県,0.0,総数,1.0,一戸建,1.0,木造,39200.0
03-2023,空き家数【戸】,2023000000.0,2023年,37000.0,香川県,0.0,総数,1.0,一戸建,2.0,非木造,3000.0
03-2023,空き家数【戸】,2023000000.0,2023年,37000.0,香川県,0.0,総数,2.0,長屋建,1.0,木造,900.0
03-2023,空き家数【戸】,2023000000.0,2023年,37000.0,香川県,0.0,総数,2.0,長屋建,2.0,非木造,500.0
03-2023,空き家数【戸】,2023000000.0,2023年,37000.0,香川県,0.0,総数,3.0,共同住宅,1.0,木造,300.0
03-2023,空き家数【戸】,2023000000.0,2023年,37000.0,香川県,0.0,総数,3.0,共同住宅,2.0,非木造,4000.0
03-2023,空き家数【戸】,2023000000.0,2023年,37000.0,香川県,1.0,腐朽・破損あり,1.0,一戸建,1.0,木造,10100.0
03-2023,空き家数【戸】,2023000000.0,2023年,37000.0,香川県,1.0,腐朽・破損あり,1.0,一戸建,2.0,非木造,900.0
03-2023,空き家数【戸】,2023000000.0,2023年,37000.0,香川県,1.0,腐朽・破損あり,2.0,長屋建,1.0,木造,400.0
03-2023,空き家数【戸】,2023000000.0,2023年,37000.0,香川県,1.0,腐朽・破損あり,2.0,長屋建,2.0,非木造,0.0
03-2023,空き家数【戸】,2023000000.0,2023年,37000.0,香川県,1.0,腐朽・破損あり,3.0,共同住宅,1.0,木造,0.0
03-2023,空き家数【戸】,2023000000.0,2023年,37000.0,香川県,1.0,腐朽・破損あり,3.0,共同住宅,2.0,非木造,500.0
03-2023,空き家数【戸】,2023000000.0,2023年,37000.0,香川県,2.0,腐朽・破損なし,1.0,一戸建,1.0,木造,29100.0
03-2023,空き家数【戸】,2023000000.0,2023年,37000.0,香川県,2.0,腐朽・破損なし,1.0,一戸建,2.0,非木造,2200.0
03-2023,空き家数【戸】,2023000000.0,2023年,37000.0,香川県,2.0,腐朽・破損なし,2.0,長屋建,1.0,木造,500.0
03-2023,空き家数【戸】,2023000000.0,2023年,37000.0,香川県,2.0,腐朽・破損なし,2.0,長屋建,2.0,非木造,500.0
03-2023,空き家数【戸】,2023000000.0,2023年,37000.0,香川県,2.0,腐朽・破損なし,3.0,共同住宅,1.0,木造,300.0
03-2023,空き家数【戸】,2023000000.0,2023年,37000.0,香川県,2.0,腐朽・破損なし,3.0,共同住宅,2.0,非木造,3500.0
03-2023,空き家数【戸】,2023000000.0,2023年,38000.0,愛媛県,0.0,総数,1.0,一戸建,1.0,木造,73000.0
03-2023,空き家数【戸】,2023000000.0,2023年,38000.0,愛媛県,0.0,総数,1.0,一戸建,2.0,非木造,5300.0
03-2023,空き家数【戸】,2023000000.0,2023年,38000.0,愛媛県,0.0,総数,2.0,長屋建,1.0,木造,1500.0
03-2023,空き家数【戸】,2023000000.0,2023年,38000.0,愛媛県,0.0,総数,2.0,長屋建,2.0,非木造,500.0
03-2023,空き家数【戸】,2023000000.0,2023年,38000.0,愛媛県,0.0,総数,3.0,共同住宅,1.0,木造,800.0
03-2023,空き家数【戸】,2023000000.0,2023年,38000.0,愛媛県,0.0,総数,3.0,共同住宅,2.0,非木造,8300.0
03-2023,空き家数【戸】,2023000000.0,2023年,38000.0,愛媛県,1.0,腐朽・破損あり,1.0,一戸建,1.0,木造,21300.0
03-2023,空き家数【戸】,2023000000.0,2023年,38000.0,愛媛県,1.0,腐朽・破損あり,1.0,一戸建,2.0,非木造,1400.0
03-2023,空き家数【戸】,2023000000.0,2023年,38000.0,愛媛県,1.0,腐朽・破損あり,2.0,長屋建,1.0,木造,600.0
03-2023,空き家数【戸】,2023000000.0,2023年,38000.0,愛媛県,1.0,腐朽・破損あり,2.0,長屋建,2.0,非木造,100.0
03-2023,空き家数【戸】,2023000000.0,2023年,38000.0,愛媛県,1.0,腐朽・破損あり,3.0,共同住宅,1.0,木造,400.0
03-2023,空き家数【戸】,2023000000.0,2023年,38000.0,愛媛県,1.0,腐朽・破損あり,3.0,共同住宅,2.0,非木造,3000.0
03-2023,空き家数【戸】,2023000000.0,2023年,38000.0,愛媛県,2.0,腐朽・破損なし,1.0,一戸建,1.0,木造,51700.0
03-2023,空き家数【戸】,2023000000.0,2023年,38000.0,愛媛県,2.0,腐朽・破損なし,1.0,一戸建,2.0,非木造,3900.0
03-2023,空き家数【戸】,2023000000.0,2023年,38000.0,愛媛県,2.0,腐朽・破損なし,2.0,長屋建,1.0,木造,900.0
03-2023,空き家数【戸】,2023000000.0,2023年,38000.0,愛媛県,2.0,腐朽・破損なし,2.0,長屋建,2.0,非木造,400.0
03-2023,空き家数【戸】,2023000000.0,2023年,38000.0,愛媛県,2.0,腐朽・破損なし,3.0,共同住宅,1.0,木造,400.0
03-2023,空き家数【戸】,2023000000.0,2023年,38000.0,愛媛県,2.0,腐朽・破損なし,3.0,共同住宅,2.0,非木造,5300.0
03-2023,空き家数【戸】,2023000000.0,2023年,39000.0,高知県,0.0,総数,1.0,一戸建,1.0,木造,43400.0
03-2023,空き家数【戸】,2023000000.0,2023年,39000.0,高知県,0.0,総数,1.0,一戸建,2.0,非木造,2400.0
03-2023,空き家数【戸】,2023000000.0,2023年,39000.0,高知県,0.0,総数,2.0,長屋建,1.0,木造,700.0
03-2023,空き家数【戸】,2023000000.0,2023年,39000.0,高知県,0.0,総数,2.0,長屋建,2.0,非木造,400.0
03-2023,空き家数【戸】,2023000000.0,2023年,39000.0,高知県,0.0,総数,3.0,共同住宅,1.0,木造,400.0
03-2023,空き家数【戸】,2023000000.0,2023年,39000.0,高知県,0.0,総数,3.0,共同住宅,2.0,非木造,2500.0
03-2023,空き家数【戸】,2023000000.0,2023年,39000.0,高知県,1.0,腐朽・破損あり,1.0,一戸建,1.0,木造,12900.0
03-2023,空き家数【戸】,2023000000.0,2023年,39000.0,高知県,1.0,腐朽・破損あり,1.0,一戸建,2.0,非木造,600.0
03-2023,空き家数【戸】,2023000000.0,2023年,39000.0,高知県,1.0,腐朽・破損あり,2.0,長屋建,1.0,木造,200.0
03-2023,空き家数【戸】,2023000000.0,2023年,39000.0,高知県,1.0,腐朽・破損あり,2.0,長屋建,2.0,非木造,0.0
03-2023,空き家数【戸】,2023000000.0,2023年,39000.0,高知県,1.0,腐朽・破損あり,3.0,共同住宅,1.0,木造,200.0
03-2023,空き家数【戸】,2023000000.0,2023年,39000.0,高知県,1.0,腐朽・破損あり,3.0,共同住宅,2.0,非木造,300.0
03-2023,空き家数【戸】,2023000000.0,2023年,39000.0,高知県,2.0,腐朽・破損なし,1.0,一戸建,1.0,木造,30500.0
03-2023,空き家数【戸】,2023000000.0,2023年,39000.0,高知県,2.0,腐朽・破損なし,1.0,一戸建,2.0,非木造,1800.0
03-2023,空き家数【戸】,2023000000.0,2023年,39000.0,高知県,2.0,腐朽・破損なし,2.0,長屋建,1.0,木造,500.0
03-2023,空き家数【戸】,2023000000.0,2023年,39000.0,高知県,2.0,腐朽・破損なし,2.0,長屋建,2.0,非木造,400.0
03-2023,空き家数【戸】,2023000000.0,2023年,39000.0,高知県,2.0,腐朽・破損なし,3.0,共同住宅,1.0,木造,200.0
03-2023,空き家数【戸】,2023000000.0,2023年,39000.0,高知県,2.0,腐朽・破損なし,3.0,共同住宅,2.0,非木造,2200.0
03-2023,空き家数【戸】,2023000000.0,2023年,40000.0,福岡県,0.0,総数,1.0,一戸建,1.0,木造,88300.0
03-2023,空き家数【戸】,2023000000.0,2023年,40000.0,福岡県,0.0,総数,1.0,一戸建,2.0,非木造,4200.0
03-2023,空き家数【戸】,2023000000.0,2023年,40000.0,福岡県,0.0,総数,2.0,長屋建,1.0,木造,5400.0
03-2023,空き家数【戸】,2023000000.0,2023年,40000.0,福岡県,0.0,総数,2.0,長屋建,2.0,非木造,2400.0
03-2023,空き家数【戸】,2023000000.0,2023年,40000.0,福岡県,0.0,総数,3.0,共同住宅,1.0,木造,3900.0
03-2023,空き家数【戸】,2023000000.0,2023年,40000.0,福岡県,0.0,総数,3.0,共同住宅,2.0,非木造,20200.0
03-2023,空き家数【戸】,2023000000.0,2023年,40000.0,福岡県,1.0,腐朽・破損あり,1.0,一戸建,1.0,木造,21800.0
03-2023,空き家数【戸】,2023000000.0,2023年,40000.0,福岡県,1.0,腐朽・破損あり,1.0,一戸建,2.0,非木造,600.0
03-2023,空き家数【戸】,2023000000.0,2023年,40000.0,福岡県,1.0,腐朽・破損あり,2.0,長屋建,1.0,木造,2300.0
03-2023,空き家数【戸】,2023000000.0,2023年,40000.0,福岡県,1.0,腐朽・破損あり,2.0,長屋建,2.0,非木造,1600.0
03-2023,空き家数【戸】,2023000000.0,2023年,40000.0,福岡県,1.0,腐朽・破損あり,3.0,共同住宅,1.0,木造,1200.0
03-2023,空き家数【戸】,2023000000.0,2023年,40000.0,福岡県,1.0,腐朽・破損あり,3.0,共同住宅,2.0,非木造,1500.0
03-2023,空き家数【戸】,2023000000.0,2023年,40000.0,福岡県,2.0,腐朽・破損なし,1.0,一戸建,1.0,木造,66500.0
03-2023,空き家数【戸】,2023000000.0,2023年,40000.0,福岡県,2.0,腐朽・破損なし,1.0,一戸建,2.0,非木造,3600.0
03-2023,空き家数【戸】,2023000000.0,2023年,40000.0,福岡県,2.0,腐朽・破損なし,2.0,長屋建,1.0,木造,3100.0
03-2023,空き家数【戸】,2023000000.0,2023年,40000.0,福岡県,2.0,腐朽・破損なし,2.0,長屋建,2.0,非木造,800.0
03-2023,空き家数【戸】,2023000000.0,2023年,40000.0,福岡県,2.0,腐朽・破損なし,3.0,共同住宅,1.0,木造,2700.0
03-2023,空き家数【戸】,2023000000.0,2023年,40000.0,福岡県,2.0,腐朽・破損なし,3.0,共同住宅,2.0,非木造,18800.0
03-2023,空き家数【戸】,2023000000.0,2023年,40130.0,福岡市,0.0,総数,1.0,一戸建,1.0,木造,4800.0
03-2023,空き家数【戸】,2023000000.0,2023年,40130.0,福岡市,0.0,総数,1.0,一戸建,2.0,非木造,300.0
03-2023,空き家数【戸】,2023000000.0,2023年,40130.0,福岡市,0.0,総数,2.0,長屋建,1.0,木造,100.0
03-2023,空き家数【戸】,2023000000.0,2023年,40130.0,福岡市,0.0,総数,2.0,長屋建,2.0,非木造,0.0
03-2023,空き家数【戸】,2023000000.0,2023年,40130.0,福岡市,0.0,総数,3.0,共同住宅,1.0,木造,800.0
03-2023,空き家数【戸】,2023000000.0,2023年,40130.0,福岡市,0.0,総数,3.0,共同住宅,2.0,非木造,7200.0
03-2023,空き家数【戸】,2023000000.0,2023年,40130.0,福岡市,1.0,腐朽・破損あり,1.0,一戸建,1.0,木造,700.0
03-2023,空き家数【戸】,2023000000.0,2023年,40130.0,福岡市,1.0,腐朽・破損あり,1.0,一戸建,2.0,非木造,0.0
03-2023,空き家数【戸】,2023000000.0,2023年,40130.0,福岡市,1.0,腐朽・破損あり,2.0,長屋建,1.0,木造,0.0
03-2023,空き家数【戸】,2023000000.0,2023年,40130.0,福岡市,1.0,腐朽・破損あり,2.0,長屋建,2.0,非木造,
03-2023,空き家数【戸】,2023000000.0,2023年,40130.0,福岡市,1.0,腐朽・破損あり,3.0,共同住宅,1.0,木造,400.0
03-2023,空き家数【戸】,2023000000.0,2023年,40130.0,福岡市,1.0,腐朽・破損あり,3.0,共同住宅,2.0,非木造,400.0
03-2023,空き家数【戸】,2023000000.0,2023年,40130.0,福岡市,2.0,腐朽・破損なし,1.0,一戸建,1.0,木造,4100.0
03-2023,空き家数【戸】,2023000000.0,2023年,40130.0,福岡市,2.0,腐朽・破損なし,1.0,一戸建,2.0,非木造,300.0
03-2023,空き家数【戸】,2023000000.0,2023年,40130.0,福岡市,2.0,腐朽・破損なし,2.0,長屋建,1.0,木造,100.0
03-2023,空き家数【戸】,2023000000.0,2023年,40130.0,福岡市,2.0,腐朽・破損なし,2.0,長屋建,2.0,非木造,0.0
03-2023,空き家数【戸】,2023000000.0,2023年,40130.0,福岡市,2.0,腐朽・破損なし,3.0,共同住宅,1.0,木造,400.0
03-2023,空き家数【戸】,2023000000.0,2023年,40130.0,福岡市,2.0,腐朽・破損なし,3.0,共同住宅,2.0,非木造,6800.0
03-2023,空き家数【戸】,2023000000.0,2023年,41000.0,佐賀県,0.0,総数,1.0,一戸建,1.0,木造,22800.0
03-2023,空き家数【戸】,2023000000.0,2023年,41000.0,佐賀県,0.0,総数,1.0,一戸建,2.0,非木造,600.0
03-2023,空き家数【戸】,2023000000.0,2023年,41000.0,佐賀県,0.0,総数,2.0,長屋建,1.0,木造,1400.0
03-2023,空き家数【戸】,2023000000.0,2023年,41000.0,佐賀県,0.0,総数,2.0,長屋建,2.0,非木造,100.0
03-2023,空き家数【戸】,2023000000.0,2023年,41000.0,佐賀県,0.0,総数,3.0,共同住宅,1.0,木造,500.0
03-2023,空き家数【戸】,2023000000.0,2023年,41000.0,佐賀県,0.0,総数,3.0,共同住宅,2.0,非木造,2600.0
03-2023,空き家数【戸】,2023000000.0,2023年,41000.0,佐賀県,1.0,腐朽・破損あり,1.0,一戸建,1.0,木造,6100.0
03-2023,空き家数【戸】,2023000000.0,2023年,41000.0,佐賀県,1.0,腐朽・破損あり,1.0,一戸建,2.0,非木造,100.0
03-2023,空き家数【戸】,2023000000.0,2023年,41000.0,佐賀県,1.0,腐朽・破損あり,2.0,長屋建,1.0,木造,600.0
03-2023,空き家数【戸】,2023000000.0,2023年,41000.0,佐賀県,1.0,腐朽・破損あり,2.0,長屋建,2.0,非木造,100.0
03-2023,空き家数【戸】,2023000000.0,2023年,41000.0,佐賀県,1.0,腐朽・破損あり,3.0,共同住宅,1.0,木造,100.0
03-2023,空き家数【戸】,2023000000.0,2023年,41000.0,佐賀県,1.0,腐朽・破損あり,3.0,共同住宅,2.0,非木造,500.0
03-2023,空き家数【戸】,2023000000.0,2023年,41000.0,佐賀県,2.0,腐朽・破損なし,1.0,一戸建,1.0,木造,16700.0
03-2023,空き家数【戸】,2023000000.0,2023年,41000.0,佐賀県,2.0,腐朽・破損なし,1.0,一戸建,2.0,非木造,500.0
03-2023,空き家数【戸】,2023000000.0,2023年,41000.0,佐賀県,2.0,腐朽・破損なし,2.0,長屋建,1.0,木造,900.0
03-2023,空き家数【戸】,2023000000.0,2023年,41000.0,佐賀県,2.0,腐朽・破損なし,2.0,長屋建,2.0,非木造,100.0
03-2023,空き家数【戸】,2023000000.0,2023年,41000.0,佐賀県,2.0,腐朽・破損なし,3.0,共同住宅,1.0,木造,400.0
03-2023,空き家数【戸】,2023000000.0,2023年,41000.0,佐賀県,2.0,腐朽・破損なし,3.0,共同住宅,2.0,非木造,2100.0
03-2023,空き家数【戸】,2023000000.0,2023年,42000.0,長崎県,0.0,総数,1.0,一戸建,1.0,木造,50800.0
03-2023,空き家数【戸】,2023000000.0,2023年,42000.0,長崎県,0.0,総数,1.0,一戸建,2.0,非木造,2700.0
03-2023,空き家数【戸】,2023000000.0,2023年,42000.0,長崎県,0.0,総数,2.0,長屋建,1.0,木造,2400.0
03-2023,空き家数【戸】,2023000000.0,2023年,42000.0,長崎県,0.0,総数,2.0,長屋建,2.0,非木造,800.0
03-2023,空き家数【戸】,2023000000.0,2023年,42000.0,長崎県,0.0,総数,3.0,共同住宅,1.0,木造,1900.0
03-2023,空き家数【戸】,2023000000.0,2023年,42000.0,長崎県,0.0,総数,3.0,共同住宅,2.0,非木造,5900.0
03-2023,空き家数【戸】,2023000000.0,2023年,42000.0,長崎県,1.0,腐朽・破損あり,1.0,一戸建,1.0,木造,15700.0
03-2023,空き家数【戸】,2023000000.0,2023年,42000.0,長崎県,1.0,腐朽・破損あり,1.0,一戸建,2.0,非木造,900.0
03-2023,空き家数【戸】,2023000000.0,2023年,42000.0,長崎県,1.0,腐朽・破損あり,2.0,長屋建,1.0,木造,700.0
03-2023,空き家数【戸】,2023000000.0,2023年,42000.0,長崎県,1.0,腐朽・破損あり,2.0,長屋建,2.0,非木造,200.0
03-2023,空き家数【戸】,2023000000.0,2023年,42000.0,長崎県,1.0,腐朽・破損あり,3.0,共同住宅,1.0,木造,400.0
03-2023,空き家数【戸】,2023000000.0,2023年,42000.0,長崎県,1.0,腐朽・破損あり,3.0,共同住宅,2.0,非木造,1300.0
03-2023,空き家数【戸】,2023000000.0,2023年,42000.0,長崎県,2.0,腐朽・破損なし,1.0,一戸建,1.0,木造,35100.0
03-2023,空き家数【戸】,2023000000.0,2023年,42000.0,長崎県,2.0,腐朽・破損なし,1.0,一戸建,2.0,非木造,1800.0
03-2023,空き家数【戸】,2023000000.0,2023年,42000.0,長崎県,2.0,腐朽・破損なし,2.0,長屋建,1.0,木造,1700.0
03-2023,空き家数【戸】,2023000000.0,2023年,42000.0,長崎県,2.0,腐朽・破損なし,2.0,長屋建,2.0,非木造,500.0
03-2023,空き家数【戸】,2023000000.0,2023年,42000.0,長崎県,2.0,腐朽・破損なし,3.0,共同住宅,1.0,木造,1500.0
03-2023,空き家数【戸】,2023000000.0,2023年,42000.0,長崎県,2.0,腐朽・破損なし,3.0,共同住宅,2.0,非木造,4600.0
03-2023,空き家数【戸】,2023000000.0,2023年,43000.0,熊本県,0.0,総数,1.0,一戸建,1.0,木造,52900.0
03-2023,空き家数【戸】,2023000000.0,2023年,43000.0,熊本県,0.0,総数,1.0,一戸建,2.0,非木造,2400.0
03-2023,空き家数【戸】,2023000000.0,2023年,43000.0,熊本県,0.0,総数,2.0,長屋建,1.0,木造,1600.0
03-2023,空き家数【戸】,2023000000.0,2023年,43000.0,熊本県,0.0,総数,2.0,長屋建,2.0,非木造,800.0
03-2023,空き家数【戸】,2023000000.0,2023年,43000.0,熊本県,0.0,総数,3.0,共同住宅,1.0,木造,700.0
03-2023,空き家数【戸】,2023000000.0,2023年,43000.0,熊本県,0.0,総数,3.0,共同住宅,2.0,非木造,6400.0
03-2023,空き家数【戸】,2023000000.0,2023年,43000.0,熊本県,1.0,腐朽・破損あり,1.0,一戸建,1.0,木造,14200.0
03-2023,空き家数【戸】,2023000000.0,2023年,43000.0,熊本県,1.0,腐朽・破損あり,1.0,一戸建,2.0,非木造,600.0
03-2023,空き家数【戸】,2023000000.0,2023年,43000.0,熊本県,1.0,腐朽・破損あり,2.0,長屋建,1.0,木造,700.0
03-2023,空き家数【戸】,2023000000.0,2023年,43000.0,熊本県,1.0,腐朽・破損あり,2.0,長屋建,2.0,非木造,300.0
03-2023,空き家数【戸】,2023000000.0,2023年,43000.0,熊本県,1.0,腐朽・破損あり,3.0,共同住宅,1.0,木造,100.0
03-2023,空き家数【戸】,2023000000.0,2023年,43000.0,熊本県,1.0,腐朽・破損あり,3.0,共同住宅,2.0,非木造,600.0
03-2023,空き家数【戸】,2023000000.0,2023年,43000.0,熊本県,2.0,腐朽・破損なし,1.0,一戸建,1.0,木造,38700.0
03-2023,空き家数【戸】,2023000000.0,2023年,43000.0,熊本県,2.0,腐朽・破損なし,1.0,一戸建,2.0,非木造,1900.0
03-2023,空き家数【戸】,2023000000.0,2023年,43000.0,熊本県,2.0,腐朽・破損なし,2.0,長屋建,1.0,木造,900.0
03-2023,空き家数【戸】,2023000000.0,2023年,43000.0,熊本県,2.0,腐朽・破損なし,2.0,長屋建,2.0,非木造,500.0
03-2023,空き家数【戸】,2023000000.0,2023年,43000.0,熊本県,2.0,腐朽・破損なし,3.0,共同住宅,1.0,木造,600.0
03-2023,空き家数【戸】,2023000000.0,2023年,43000.0,熊本県,2.0,腐朽・破損なし,3.0,共同住宅,2.0,非木造,5900.0
03-2023,空き家数【戸】,2023000000.0,2023年,44000.0,大分県,0.0,総数,1.0,一戸建,1.0,木造,45800.0
03-2023,空き家数【戸】,2023000000.0,2023年,44000.0,大分県,0.0,総数,1.0,一戸建,2.0,非木造,2900.0
03-2023,空き家数【戸】,2023000000.0,2023年,44000.0,大分県,0.0,総数,2.0,長屋建,1.0,木造,800.0
03-2023,空き家数【戸】,2023000000.0,2023年,44000.0,大分県,0.0,総数,2.0,長屋建,2.0,非木造,300.0
03-2023,空き家数【戸】,2023000000.0,2023年,44000.0,大分県,0.0,総数,3.0,共同住宅,1.0,木造,600.0
03-2023,空き家数【戸】,2023000000.0,2023年,44000.0,大分県,0.0,総数,3.0,共同住宅,2.0,非木造,7200.0
03-2023,空き家数【戸】,2023000000.0,2023年,44000.0,大分県,1.0,腐朽・破損あり,1.0,一戸建,1.0,木造,11100.0
03-2023,空き家数【戸】,2023000000.0,2023年,44000.0,大分県,1.0,腐朽・破損あり,1.0,一戸建,2.0,非木造,600.0
03-2023,空き家数【戸】,2023000000.0,2023年,44000.0,大分県,1.0,腐朽・破損あり,2.0,長屋建,1.0,木造,400.0
03-2023,空き家数【戸】,2023000000.0,2023年,44000.0,大分県,1.0,腐朽・破損あり,2.0,長屋建,2.0,非木造,
03-2023,空き家数【戸】,2023000000.0,2023年,44000.0,大分県,1.0,腐朽・破損あり,3.0,共同住宅,1.0,木造,100.0
03-2023,空き家数【戸】,2023000000.0,2023年,44000.0,大分県,1.0,腐朽・破損あり,3.0,共同住宅,2.0,非木造,1400.0
03-2023,空き家数【戸】,2023000000.0,2023年,44000.0,大分県,2.0,腐朽・破損なし,1.0,一戸建,1.0,木造,34700.0
03-2023,空き家数【戸】,2023000000.0,2023年,44000.0,大分県,2.0,腐朽・破損なし,1.0,一戸建,2.0,非木造,2300.0
03-2023,空き家数【戸】,2023000000.0,2023年,44000.0,大分県,2.0,腐朽・破損なし,2.0,長屋建,1.0,木造,400.0
03-2023,空き家数【戸】,2023000000.0,2023年,44000.0,大分県,2.0,腐朽・破損なし,2.0,長屋建,2.0,非木造,300.0
03-2023,空き家数【戸】,2023000000.0,2023年,44000.0,大分県,2.0,腐朽・破損なし,3.0,共同住宅,1.0,木造,500.0
03-2023,空き家数【戸】,2023000000.0,2023年,44000.0,大分県,2.0,腐朽・破損なし,3.0,共同住宅,2.0,非木造,5800.0
03-2023,空き家数【戸】,2023000000.0,2023年,45000.0,宮崎県,0.0,総数,1.0,一戸建,1.0,木造,47300.0
03-2023,空き家数【戸】,2023000000.0,2023年,45000.0,宮崎県,0.0,総数,1.0,一戸建,2.0,非木造,1900.0
03-2023,空き家数【戸】,2023000000.0,2023年,45000.0,宮崎県,0.0,総数,2.0,長屋建,1.0,木造,1600.0
03-2023,空き家数【戸】,2023000000.0,2023年,45000.0,宮崎県,0.0,総数,2.0,長屋建,2.0,非木造,500.0
03-2023,空き家数【戸】,2023000000.0,2023年,45000.0,宮崎県,0.0,総数,3.0,共同住宅,1.0,木造,200.0
03-2023,空き家数【戸】,2023000000.0,2023年,45000.0,宮崎県,0.0,総数,3.0,共同住宅,2.0,非木造,3400.0
03-2023,空き家数【戸】,2023000000.0,2023年,45000.0,宮崎県,1.0,腐朽・破損あり,1.0,一戸建,1.0,木造,12900.0
03-2023,空き家数【戸】,2023000000.0,2023年,45000.0,宮崎県,1.0,腐朽・破損あり,1.0,一戸建,2.0,非木造,500.0
03-2023,空き家数【戸】,2023000000.0,2023年,45000.0,宮崎県,1.0,腐朽・破損あり,2.0,長屋建,1.0,木造,500.0
03-2023,空き家数【戸】,2023000000.0,2023年,45000.0,宮崎県,1.0,腐朽・破損あり,2.0,長屋建,2.0,非木造,200.0
03-2023,空き家数【戸】,2023000000.0,2023年,45000.0,宮崎県,1.0,腐朽・破損あり,3.0,共同住宅,1.0,木造,100.0
03-2023,空き家数【戸】,2023000000.0,2023年,45000.0,宮崎県,1.0,腐朽・破損あり,3.0,共同住宅,2.0,非木造,300.0
03-2023,空き家数【戸】,2023000000.0,2023年,45000.0,宮崎県,2.0,腐朽・破損なし,1.0,一戸建,1.0,木造,34400.0
03-2023,空き家数【戸】,2023000000.0,2023年,45000.0,宮崎県,2.0,腐朽・破損なし,1.0,一戸建,2.0,非木造,1400.0
03-2023,空き家数【戸】,2023000000.0,2023年,45000.0,宮崎県,2.0,腐朽・破損なし,2.0,長屋建,1.0,木造,1100.0
03-2023,空き家数【戸】,2023000000.0,2023年,45000.0,宮崎県,2.0,腐朽・破損なし,2.0,長屋建,2.0,非木造,300.0
03-2023,空き家数【戸】,2023000000.0,2023年,45000.0,宮崎県,2.0,腐朽・破損なし,3.0,共同住宅,1.0,木造,200.0
03-2023,空き家数【戸】,2023000000.0,2023年,45000.0,宮崎県,2.0,腐朽・破損なし,3.0,共同住宅,2.0,非木造,3100.0
03-2023,空き家数【戸】,2023000000.0,2023年,46000.0,鹿児島県,0.0,総数,1.0,一戸建,1.0,木造,102800.0
03-2023,空き家数【戸】,2023000000.0,2023年,46000.0,鹿児島県,0.0,総数,1.0,一戸建,2.0,非木造,5200.0
03-2023,空き家数【戸】,2023000000.0,2023年,46000.0,鹿児島県,0.0,総数,2.0,長屋建,1.0,木造,800.0
03-2023,空き家数【戸】,2023000000.0,2023年,46000.0,鹿児島県,0.0,総数,2.0,長屋建,2.0,非木造,700.0
03-2023,空き家数【戸】,2023000000.0,2023年,46000.0,鹿児島県,0.0,総数,3.0,共同住宅,1.0,木造,1400.0
03-2023,空き家数【戸】,2023000000.0,2023年,46000.0,鹿児島県,0.0,総数,3.0,共同住宅,2.0,非木造,11000.0
03-2023,空き家数【戸】,2023000000.0,2023年,46000.0,鹿児島県,1.0,腐朽・破損あり,1.0,一戸建,1.0,木造,30500.0
03-2023,空き家数【戸】,2023000000.0,2023年,46000.0,鹿児島県,1.0,腐朽・破損あり,1.0,一戸建,2.0,非木造,1500.0
03-2023,空き家数【戸】,2023000000.0,2023年,46000.0,鹿児島県,1.0,腐朽・破損あり,2.0,長屋建,1.0,木造,200.0
03-2023,空き家数【戸】,2023000000.0,2023年,46000.0,鹿児島県,1.0,腐朽・破損あり,2.0,長屋建,2.0,非木造,300.0
03-2023,空き家数【戸】,2023000000.0,2023年,46000.0,鹿児島県,1.0,腐朽・破損あり,3.0,共同住宅,1.0,木造,600.0
03-2023,空き家数【戸】,2023000000.0,2023年,46000.0,鹿児島県,1.0,腐朽・破損あり,3.0,共同住宅,2.0,非木造,1600.0
03-2023,空き家数【戸】,2023000000.0,2023年,46000.0,鹿児島県,2.0,腐朽・破損なし,1.0,一戸建,1.0,木造,72300.0
03-2023,空き家数【戸】,2023000000.0,2023年,46000.0,鹿児島県,2.0,腐朽・破損なし,1.0,一戸建,2.0,非木造,3700.0
03-2023,空き家数【戸】,2023000000.0,2023年,46000.0,鹿児島県,2.0,腐朽・破損なし,2.0,長屋建,1.0,木造,500.0
03-2023,空き家数【戸】,2023000000.0,2023年,46000.0,鹿児島県,2.0,腐朽・破損なし,2.0,長屋建,2.0,非木造,400.0
03-2023,空き家数【戸】,2023000000.0,2023年,46000.0,鹿児島県,2.0,腐朽・破損なし,3.0,共同住宅,1.0,木造,800.0
03-2023,空き家数【戸】,2023000000.0,2023年,46000.0,鹿児島県,2.0,腐朽・破損なし,3.0,共同住宅,2.0,非木造,9400.0
03-2023,空き家数【戸】,2023000000.0,2023年,47000.0,沖縄県,0.0,総数,1.0,一戸建,1.0,木造,3700.0
03-2023,空き家数【戸】,2023000000.0,2023年,47000.0,沖縄県,0.0,総数,1.0,一戸建,2.0,非木造,16100.0
03-2023,空き家数【戸】,2023000000.0,2023年,47000.0,沖縄県,0.0,総数,2.0,長屋建,1.0,木造,0.0
03-2023,空き家数【戸】,2023000000.0,2023年,47000.0,沖縄県,0.0,総数,2.0,長屋建,2.0,非木造,300.0
03-2023,空き家数【戸】,2023000000.0,2023年,47000.0,沖縄県,0.0,総数,3.0,共同住宅,1.0,木造,100.0
03-2023,空き家数【戸】,2023000000.0,2023年,47000.0,沖縄県,0.0,総数,3.0,共同住宅,2.0,非木造,7200.0
03-2023,空き家数【戸】,2023000000.0,2023年,47000.0,沖縄県,1.0,腐朽・破損あり,1.0,一戸建,1.0,木造,2300.0
03-2023,空き家数【戸】,2023000000.0,2023年,47000.0,沖縄県,1.0,腐朽・破損あり,1.0,一戸建,2.0,非木造,5300.0
03-2023,空き家数【戸】,2023000000.0,2023年,47000.0,沖縄県,1.0,腐朽・破損あり,2.0,長屋建,1.0,木造,
03-2023,空き家数【戸】,2023000000.0,2023年,47000.0,沖縄県,1.0,腐朽・破損あり,2.0,長屋建,2.0,非木造,200.0
03-2023,空き家数【戸】,2023000000.0,2023年,47000.0,沖縄県,1.0,腐朽・破損あり,3.0,共同住宅,1.0,木造,0.0
03-2023,空き家数【戸】,2023000000.0,2023年,47000.0,沖縄県,1.0,腐朽・破損あり,3.0,共同住宅,2.0,非木造,1800.0
03-2023,空き家数【戸】,2023000000.0,2023年,47000.0,沖縄県,2.0,腐朽・破損なし,1.0,一戸建,1.0,木造,1300.0
03-2023,空き家数【戸】,2023000000.0,2023年,47000.0,沖縄県,2.0,腐朽・破損なし,1.0,一戸建,2.0,非木造,10800.0
03-2023,空き家数【戸】,2023000000.0,2023年,47000.0,沖縄県,2.0,腐朽・破損なし,2.0,長屋建,1.0,木造,0.0
03-2023,空き家数【戸】,2023000000.0,2023年,47000.0,沖縄県,2.0,腐朽・破損なし,2.0,長屋建,2.0,非木造,200.0
03-2023,空き家数【戸】,2023000000.0,2023年,47000.0,沖縄県,2.0,腐朽・破損なし,3.0,共同住宅,1.0,木造,0.0
03-2023,空き家数【戸】,2023000000.0,2023年,47000.0,沖縄県,2.0,腐朽・破損なし,3.0,共同住宅,2.0,非木造,5400.0